"1","0xf977814e90da44bfa03b6295a0616a897441acec","Binance: Hot Wallet 20","12,500,000,000","16.4716%","$12,496,300,000.00"
"2","0x5a52e96bacdabb82fd05763e25335261b270efcb","Binance 28","5,249,011,861.647635","6.9168%","$5,247,458,154.14"
"3","0x47ac0fb4f2d84898e4d9e7b4dab3c24507a6d503","Binance: Binance-Peg Tokens","5,184,997,789.440132","6.8324%","$5,183,463,030.09"
"4","0x5754284f345afc66a98fbb0a0afe71e0f007b949","Tether: Treasury","4,186,022,863.849893","5.5160%","$4,184,783,801.08"
"5","0x835678a611b28684005a5e2233695fb6cbbb0007","Binance 70","2,583,305,350.781061","3.4041%","$2,582,540,692.40"
"6","0xee136c0389733849dd710ac7104e92c6bf497574","MEXC 4","1,585,000,420","2.0886%","$1,584,531,259.88"
"7","0x23878914efe38d27c4d67ab83ed1b93a74d4086a","Aave: Ethereum USDT","1,103,857,066.029809","1.4546%","$1,103,530,324.34"
"8","0x6c96de32cea08842dcc4058c14d3aaad7fa41dee","","1,023,916,887.534566","1.3492%","$1,023,613,808.14"
"9","0xf89d7b9c864f589bbf53a82105107622b35eaa40","Bybit: Hot Wallet","962,189,263.143564","1.2679%","$961,904,455.12"
"10","0x40ec5b33f54e0e8a33a975908c5ba1c14e5bbbdf","Polygon (Matic): ERC20 Bridge","814,953,070.835866","1.0739%","$814,711,844.73"
"11","0x6fb624b48d9299674022a23d92515e76ba880113","OKX 14","600,000,027.792705","0.7906%","$599,822,427.78"
"12","0xf59869753f41db720127ceb8dbb8afaf89030de4","OKX 15","600,000,021.1688","0.7906%","$599,822,421.16"
"13","0xc708a1c712ba26dc618f972ad7a187f76c8596fd","OKX 13","600,000,002","0.7906%","$599,822,402.00"
"14","0xd6216fc19db775df9774a6e33526131da7d19a2c","KuCoin 6","545,412,983.741719","0.7187%","$545,251,541.50"
"15","0xc5451b523d5fffe1351337a221688a62806ad91a","OKX 10","500,000,101.01","0.6589%","$499,852,100.98"
"16","0x69a722f0b5da3af02b4a205d6f0c285f4ed8f396","OKX 12","500,000,011","0.6589%","$499,852,011.00"
"17","0x65a0947ba5175359bb457d3b34491edf4cbf7997","OKX 16","500,000,007.01","0.6589%","$499,852,007.01"
"18","0xcba38020cd7b6f51df6afaf507685add148f6ab6","OKX 8","500,000,002.023149","0.6589%","$499,852,002.02"
"19","0x5c52cc7c96bde8594e5b77d5b76d042cb5fae5f2","OKX 18","500,000,002","0.6589%","$499,852,002.00"
"20","0x4d19c0a5357bc48be0017095d3c871d9afc3f21d","OKX 17","500,000,002","0.6589%","$499,852,002.00"
"21","0xe9172daf64b05b26eb18f07ac8d6d723acb48f99","OKX 19","500,000,002","0.6589%","$499,852,002.00"
"22","0x461249076b88189f8ac9418de28b365859e46bfd","OKX 9","500,000,001","0.6589%","$499,852,001.00"
"23","0x42436286a9c8d63aafc2eebbca193064d68068f2","OKX 11","500,000,001","0.6589%","$499,852,001.00"
"24","0xa7c0d36c4698981fab42a7d8c783674c6fe2592d","Binance 74","460,000,044.545176","0.6062%","$459,863,884.53"
"25","0x3cc936b795a188f0e246cbb2d74c5bd190aecf18","MEXC 3","447,380,164.156971","0.5895%","$447,247,739.63"
"26","0x99c9fc46f92e8a1c0dec1b1747d010903e884be1","Optimism: Gateway","442,659,855.384034","0.5833%","$442,528,828.07"
"27","0x95fc37a27a2f68e3a647cdc081f0a89bb47c3012","Mantle: L1 Standard Bridge Proxy","351,837,887.893252","0.4636%","$351,733,743.88"
"28","0x2933782b5a8d72f2754103d1489614f29bfa4625","","327,737,448.192721","0.4319%","$327,640,437.91"
"29","0x32b24247cbce7c17b0017a2159a9fa481f401b16","","203,291,845.040834","0.2679%","$203,231,670.65"
"30","0x559432e18b281731c054cd703d4b49872be4ed53","","201,452,626.851771","0.2655%","$201,392,996.87"
"31","0x11b113383ce08e84001dc614f141ae4c27221e31","","201,084,405.694125","0.2650%","$201,024,884.71"
"32","0x7a93539c1bf9a96f87044925deb7a0849266213e","","200,236,625.641468","0.2639%","$200,177,355.60"
"33","0x80a9b4aab0ad3c73cce1c9223236b722db5d6628","","200,000,000","0.2635%","$199,940,800.00"
"34","0x6b9b774502e6afaafcac84f840ac8a0844a1abe3","","200,000,000","0.2635%","$199,940,800.00"
"35","0xdae4fdcb7fc93738ec6d5b1ea92b7c7f75e4f2f6","","200,000,000","0.2635%","$199,940,800.00"
"36","0x72187db55473b693ded367983212fe2db3768829","","200,000,000","0.2635%","$199,940,800.00"
"37","0xc22166664e820cda6bf4cedbdbb4fa1e6a84c440","","200,000,000","0.2635%","$199,940,800.00"
"38","0xd3a22590f8243f8e83ac230d1842c9af0404c4a1","Ceffu: Custody Hot Wallet 2","184,345,048.887598","0.2429%","$184,290,482.75"
"39","0x83a32a54d31ee4f1f9dffad2a63a6d214e469ec3","","181,034,177.73","0.2386%","$180,980,591.61"
"40","0x43684d03d81d3a4c70da68febdd61029d426f042","","180,483,630.583437","0.2378%","$180,430,207.43"
"41","0x9022b72d67999a3b0d1330ecefca56f83d2ec52c","","173,000,100","0.2280%","$172,948,891.97"
"42","0x28c6c06298d514db089934071355e5743bf21d60","Binance 14","163,242,064.77202","0.2151%","$163,193,745.12"
"43","0x446b86a33e2a438f569b15855189e3da28d027ba","KuCoin 38","159,201,965.5","0.2098%","$159,154,841.72"
"44","0x89e51fa8ca5d66cd220baed62ed01e8951aa7c40","Kraken 7","155,993,738.699191","0.2056%","$155,947,564.55"
"45","0xf379a3d1ab6625eef34347d054cfaeafdf8f24a7","","142,477,751.932073","0.1877%","$142,435,578.52"
"46","0xdfd5293d8e347dfe59e90efd55b2956a1343963d","Binance 16","129,303,746.478427","0.1704%","$129,265,472.57"
"47","0x21a31ee1afc51d94c2efccaa2092ad1028285549","Binance 15","126,185,530.256017","0.1663%","$126,148,179.34"
"48","0xbebc44782c7db0a1a60cb6fe97d0b483032ff1c7","Curve.fi: DAI/USDC/USDT Pool","114,037,968.494168","0.1503%","$114,004,213.26"
"49","0x371c31f9221459e10565cfe78937cbda5db1791c","","100,000,000","0.1318%","$99,970,400.00"
"50","0x3fe705e2ffcaee8d7287de047def35db3e794c76","","94,149,343.656019","0.1241%","$94,121,475.45"
"51","0x8558fe88f8439ddcd7453ccad6671dfd90657a32","","87,481,243.500755","0.1153%","$87,455,786.46"
"52","0x82e1d4ddd636857ebcf6a0e74b9b0929c158d7fb","","87,464,642.259005","0.1153%","$87,439,190.05"
"53","0xe9f8fa139276763485b18a776e822d1c3e310174","","80,000,000","0.1054%","$79,976,720.00"
"54","0x85dcd76d4fbd3aa0c85c27b9441222c19a14134b","","79,682,790.710612","0.1050%","$79,659,603.02"
"55","0xee1bf4d7c53af2beafc7dc1dcea222a8c6d87ad9","","79,195,404.759739","0.1044%","$79,172,358.90"
"56","0xc882b111a75c0c657fc507c04fbfcd2cc984f071","Gate.io 5","78,659,260.793688","0.1037%","$78,636,370.95"
"57","0x434742703055bd20f42142d9d70b0735a5eb1b14","","77,779,197.427813","0.1025%","$77,756,563.68"
"58","0xeea81c4416d71cef071224611359f6f99a4c4294","BitMEX 1","74,464,257.827821","0.0981%","$74,442,588.73"
"59","0xf584f8728b874a6a5c7a8d4d387c9aae9172d621","Jump Trading","73,001,190.744312","0.0962%","$72,979,947.40"
"60","0x69166e49d2fd23e4cbea767d7191be423a7733a5","","70,274,613.821819","0.0926%","$70,254,163.91"
"61","0xc06f25517e906b7f9b4dec3c7889503bb00b3370","","68,748,509.031084","0.0906%","$68,728,503.21"
"62","0xa9b7ccd10dffe422e5d0d9e2c2249c74a944d7e4","","68,575,685.608378","0.0904%","$68,555,730.08"
"63","0x99ebaf3661065dc1e44feff4b80365678bdff6ce","","64,707,708.53","0.0853%","$64,688,878.59"
"64","0xb9711550ec6dc977f26b73809a2d6791c0f0e9c8","Cobo Custody 3","64,262,714.137349","0.0847%","$64,244,013.69"
"65","0x3ef673bed15ef7f7672694aad17fe293f3b38c5d","","63,000,000","0.0830%","$62,981,667.00"
"66","0x3afdc9bca9213a35503b077a6072f3d0d5ab0840","","62,870,590.28077","0.0828%","$62,852,294.94"
"67","0x37a807a10e3d0d9c55d089a481e9b30fb7839d64","","58,988,505.893418","0.0777%","$58,971,340.24"
"68","0x5a8e9774d67fe846c6f4311c073e2ac34b33646f","","58,678,223.287585","0.0773%","$58,661,147.92"
"69","0x312e67b47a2a29ae200184949093d92369f80b53","","58,206,916.024844","0.0767%","$58,189,977.81"
"70","0xdbe46a02322e636b92296954637e1d7db9d5ed26","","57,582,166.056636","0.0759%","$57,565,409.65"
"71","0x0750b999e493112c88cb226a13a2a67419f06ad6","","54,989,050","0.0725%","$54,973,048.19"
"72","0xcffad3200574698b78f32232aa9d63eabd290703","Crypto.com 5","52,621,989.943719","0.0693%","$52,606,676.94"
"73","0x3154cf16ccdb4c6d922629664174b904d80f2c35","Base: Base Bridge","51,933,157.630318","0.0684%","$51,918,045.08"
"74","0x89c5952d56ed4fae8a7c7dec37103a5036e967f7","","51,590,016.833251","0.0680%","$51,575,004.14"
"75","0x4121217c238db06e942f3d87371106d30d0f8c84","","50,972,824.009453","0.0672%","$50,957,990.92"
"76","0x1298500214c99cc9c844c2d99d741b44a869e427","","50,251,106.829057","0.0662%","$50,236,483.76"
"77","0x4fb312915b779b1339388e14b6d079741ca83128","HTX 60","50,161,771.996928","0.0661%","$50,147,174.92"
"78","0x54a679e853281a440911f72eae0e24107e9413dc","","50,008,738.189568","0.0659%","$49,994,185.65"
"79","0xed470553f61f23cd30ccf51ab066dc1598ed0c4f","","50,000,049","0.0659%","$49,985,498.99"
"80","0x9f199b93ae33c330880bdb31422fca37c6d3fb14","","50,000,019","0.0659%","$49,985,468.99"
"81","0x0249d14d15531065b927f4930562c3814e654b54","","49,698,981.829","0.0655%","$49,684,519.43"
"82","0xb80e23d02aacce6ad443adb5604252bf95378868","","48,846,294.323654","0.0644%","$48,832,080.05"
"83","0xa9914081c9192bd48d7945d48f0521780e573664","","47,961,908.423386","0.0632%","$47,947,951.51"
"84","0x70213959a644baa94840bbfb4129550bceceb3c2","","46,517,543.082207","0.0613%","$46,504,006.48"
"85","0xf2f270f7beb58bd9b4ea2d393961945610c4f537","","45,002,367.977981","0.0593%","$44,989,272.29"
"86","0x102acfb63962252b04f8fd06f55225813ef1e781","","44,505,246.784024","0.0586%","$44,492,295.76"
"87","0x82b4f6b900a8c8497692b4894cf7b1c501f233fa","","42,000,000","0.0553%","$41,987,778.00"
"88","0x9696f59e4d72e237be84ffd425dcad154bf96976","Binance 18","41,339,088.040374","0.0545%","$41,327,058.37"
"89","0x46340b20830761efd32832a74d7169b29feb9758","Crypto.com 2","41,215,786.020329","0.0543%","$41,203,792.23"
"90","0x84e0f76d9c172c048c2bdb662fbd25384b4c76a9","","41,210,458.947722","0.0543%","$41,198,466.70"
"91","0x51dc0d08a01ce128897b200bc47639ffaa9ca8d5","","40,256,641.981364","0.0530%","$40,244,927.30"
"92","0xf650c3d88d12db855b8bf7d11be6c55a4e07dcc9","Compound: cUSDT Token","40,210,597.422333","0.0530%","$40,198,896.14"
"93","0xa1195f0d9b010f86633e1553f1286d74f80ef52b","","40,010,034.199","0.0527%","$39,998,391.28"
"94","0xd9a30a8fa136adec642d951888e46d5a4a31f5ca","","40,004,161.040765","0.0527%","$39,992,519.83"
"95","0xaab0039de2a8dba8696ee4d42c0d1aa30d7e1059","","40,000,099","0.0527%","$39,988,458.97"
"96","0x1d90f5c92797ab38513b7ed3aaa9130ac9087a53","","40,000,000","0.0527%","$39,988,360.00"
"97","0xe3e5540b029d4662f6e99a5af3e8b431cff59566","","39,747,998.083726","0.0524%","$39,736,431.42"
"98","0x52aa899454998be5b000ad077a46bbe360f4e497","Fluid: Liquidity","39,672,944.180619","0.0523%","$39,661,399.35"
"99","0xd631dbd90de7478b58c90261ac3eb4ad6b5bd641","","39,370,739.990082","0.0519%","$39,359,283.10"
"100","0x0b07f64abc342b68aec57c0936e4b6fd4452967e","","39,181,418.362011","0.0516%","$39,170,016.57"
"101","0xb9db370bb873403a62aa461c1d0ab01b6a995479","","38,657,933.258622","0.0509%","$38,646,683.80
"102","0xa023f08c70a23abc7edfc5b6b5e171d78dfc947e","","38,649,045.349405","0.0509%","$38,637,798.48"
"103","0x1ab4973a48dc892cd9971ece8e01dcc7688f8f23","Bitget 6","38,362,942.931168","0.0506%","$38,351,779.31"
"104","0xcc65f1a9b19e29031457e11797e3f01758c06a89","","38,185,948.982894","0.0503%","$38,174,836.87"
"105","0x77134cbc06cb00b66f4c7e623d5fdbf6777635ec","Bitfinex: Hot Wallet","37,821,099.78631","0.0498%","$37,810,093.85"
"106","0x711948e4d826a37aa564c41c7b50de7e45c9ee44","","37,000,201.113009","0.0488%","$36,989,434.05"
"107","0x0d0707963952f2fba59dd06f2b425ace40b492fe","Gate.io 1","36,432,036.626476","0.0480%","$36,421,434.90"
"108","0x891abe3f416807b30e026f3ee2eb960f784298c4","","35,960,064.329861","0.0474%","$35,949,599.95"
"109","0xf207b2f9f9417fc73cad069f7aa5ae1c6a5b428d","","35,215,814.401052","0.0464%","$35,205,566.60"
"110","0x3684262d576ed6101d2809a0d0abbd2132ec2d9d","","34,373,940.092142","0.0453%","$34,363,937.28"
"111","0x37e4d1cd3fe31edf473ebcf3b6a75f419c8839d1","","34,000,005","0.0448%","$33,990,111.00"
"112","0x743ffdcad62bd89bd9196d75fe9464a9930bdf8d","","33,640,636.350651","0.0443%","$33,630,846.93"
"113","0x44760f321b090034f05ce8f00be1a014598e5890","","33,181,268.890586","0.0437%","$33,171,613.14"
"114","0x4bd5d115208e0b88906f8af12f6314bb62c2becf","","32,716,260.711595","0.0431%","$32,706,740.28"
"115","0x4d216d2682f3997f6c19420beee4530d08d0ea5f","","32,237,061.922654","0.0425%","$32,227,680.94"
"116","0x0edd5b0de0fe748be331186bf0aa878f47f601db","","31,657,801.427925","0.0417%","$31,648,589.01"
"117","0x554adc35ccd8090566bfca842537fd39b82489c1","","31,271,489.478879","0.0412%","$31,262,389.48"
"118","0x7c490d17af51292b513c338ebe1323b7e3ba56fa","","30,999,975","0.0408%","$30,990,954.01"
"119","0x56eddb7aa87536c09ccc2793473599fd21a8b17f","Binance 17","30,646,824.34006","0.0404%","$30,637,906.11"
"120","0xf4a3b00e806c9525b079c67a457897535e258651","","30,552,627.35759","0.0403%","$30,543,736.54"
"121","0x72a8abefc5995d4fe5153a2ae1fd23e015d74cf2","","30,530,130.19","0.0402%","$30,521,245.92"
"122","0xb615789eb58c821bdeb7493f57dda46ec9cc7319","","30,064,225.0137","0.0396%","$30,055,476.32"
"123","0x74726e1fae2a1dc7638e96ce8bc931e5cd5e8803","","30,013,191.180183","0.0395%","$30,004,457.34"
"124","0xe3490297a08d6fc8da46edb7b6142e4f461b62d3","Ethena: Mint and Redeem V2","30,008,925.145911","0.0395%","$30,000,192.55"
"125","0xf88f8ec6b98cad9ce25c9c8fe1387b351f382b09","","30,000,040.045829","0.0395%","$29,991,310.03"
"126","0x564e11ace70bfe6c943a973f1289faa6e8a0fe16","","30,000,000.35","0.0395%","$29,991,270.35"
"127","0x3d79007ba1a68de986eb641a3c24d58a0c69587e","","30,000,000","0.0395%","$29,991,270.00"
"128","0x74e7fd0b532f88cf8cc50922f7a8f51e3f320fa7","","30,000,000","0.0395%","$29,991,270.00"
"129","0x79fe313c6f5a652250d158d88be090d572c1cd2e","","30,000,000","0.0395%","$29,991,270.00"
"130","0xc7c8f8284c5360d0086a2f0a05bdd07afde23246","","29,413,680.82","0.0388%","$29,405,121.44"
"131","0xb203e1170a30e68dc5b20aac08aa42619842c79e","","29,359,658.893462","0.0387%","$29,351,115.23"
"132","0x15abb66ba754f05cbc0165a64a11cded1543de48","Galaxy Digital: 0x15a...E48","28,655,918.513836","0.0378%","$28,647,579.64"
"133","0x0acce82298b785bc65b9a4f94f954af8b318374c","","28,619,797.7166","0.0377%","$28,611,469.36"
"134","0x3a3c006053a9b40286b9951a11be4c5808c11dc8","","28,441,856.620897","0.0375%","$28,433,580.04"
"135","0xdd77916e440e598d12a54a4397e629038c92a2f4","","28,195,122.7","0.0372%","$28,186,917.92"
"136","0x67b960c4971ddb430273654710e6d1aa1708407f","","28,194,197.909335","0.0372%","$28,185,993.40"
"137","0x7ca756d03e7fec19bc1de28a94d127b404342dc3","","27,831,222.673637","0.0367%","$27,823,123.79"
"138","0x4dfc04aa1bfc60727feecccfd7247201abcd735a","","27,766,171.91","0.0366%","$27,758,091.95"
"139","0x29c9dd53737dc67022ddf9e96d4b6f56ec8e8146","","27,755,316.779455","0.0366%","$27,747,239.98"
"140","0x76ec5a0d3632b2133d9f1980903305b62678fbd3","","27,639,561.728147","0.0364%","$27,631,518.62"
"141","0xe6a29da1e70b42e311994f9d1b881b400e3fa438","","27,090,001.21809","0.0357%","$27,082,118.03"
"142","0x95327cd531f3015f27ce4bc91a34ce6ccc6f2959","","27,000,000.038997","0.0356%","$26,992,143.04"
"143","0x410e226dfbf394b24a1ff599606c8894eb5d4596","","26,549,187.952669","0.0350%","$26,541,462.14"
"144","0x592b68392f6b99ea850b1f7a1b154d454ee3fbdb","","26,278,646.995422","0.0346%","$26,270,999.91"
"145","0x329343a1bcaa2bc030183952980c0723f0aba6fc","","26,076,818.12866","0.0344%","$26,069,229.77"
"146","0xff6e336f058f481cfb9bb82afca23ff2d2007a46","","25,696,413.119772","0.0339%","$25,688,935.46"
"147","0x187c0e0aa33282096b39a33457939f1dc3ea8e0f","CoinList 4","25,693,361.475353","0.0339%","$25,685,884.71"
"148","0xf0374db692ca94c3a6921a78ca9409504c2ce387","","25,000,000","0.0329%","$24,992,725.00"
"149","0x673c2443c99cf2b12500f013ab567c4ddea4db53","","24,885,000.090498","0.0328%","$24,877,758.56"
"150","0xd8d6ffe342210057bf4dcc31da28d006f253cef0","GSR: 0xD8D...EF0","24,555,074.536363","0.0324%","$24,547,929.01"
"151","0x5f397b62502e255f68382791947d54c4b2d37f09","Deribit 8","24,403,687.550483","0.0322%","$24,396,586.08
"152","0x83c41363cbee0081dab75cb841fa24f3db46627e","KuCoin 18","24,092,445.276548","0.0317%","$24,085,434.37"
"153","0xd775ad8d9b9130b5d609dc065bd548e46a6610b6","","24,000,010.013999","0.0316%","$23,993,026.01"
"154","0x9db812a1b55ac6fdbd1d52e628324e2fd2dbb560","","23,715,937.5499","0.0313%","$23,709,036.21"
"155","0xfb05343631ca21a785391ad5c7e81b2f1e2b928c","","23,434,462.098282","0.0309%","$23,427,642.67"
"156","0xcbb0d58b527ff417ff36e0361a1224b63415b551","","23,067,424.056102","0.0304%","$23,060,711.44"
"157","0x0ae2deb0a51ae364de44bbdb29c329c5a23abab5","","22,800,001.568634","0.0300%","$22,793,366.77"
"158","0xe02b10dfe0626307b44c184075e4ee831ea9b189","","22,633,102.643538","0.0298%","$22,626,516.41"
"159","0x327a44f749c41a14c448ecaf8ad3a736de0fd25e","","22,244,538.23377","0.0293%","$22,238,065.07"
"160","0x3416cf6c708da44db2624d63ea0aaef7113527c6","Uniswap V3: USDC-USDT 4","22,170,775.444901","0.0292%","$22,164,323.75"
"161","0x18e5367bf704dc7e3599182742863d9c83c68f33","","22,018,826.75906","0.0290%","$22,012,419.28"
"162","0x9ee74360a880032031d47897fb5fc6077c9fe92c","","21,871,605.380866","0.0288%","$21,865,240.74"
"163","0x5ac9aec27813a2a90095170deb061d7db61a7b53","","21,860,787.339162","0.0288%","$21,854,425.85"
"164","0xbdd32b0e59f253f37ec97da72c421d8da0e1fb1e","","21,779,062.55001","0.0287%","$21,772,724.84"
"165","0x59708733fbbf64378d9293ec56b977c011a08fd2","","21,767,911.515262","0.0287%","$21,761,577.05"
"166","0x162661413af25234373e9f3c7e978d07890b0a6d","","21,715,927.447061","0.0286%","$21,709,608.11"
"167","0xfecc47ab11a44c09d9cc7289eeb3b9a8abb9ca16","","21,692,098.05","0.0286%","$21,685,785.65"
"168","0xf955c57f9ea9dc8781965feae0b6a2ace2bad6f3","Injective: Peggy Bridge Proxy","21,433,569.812656","0.0282%","$21,427,332.64"
"169","0x98adef6f2ac8572ec48965509d69a8dd5e8bba9d","","21,379,020.32938","0.0282%","$21,372,799.03"
"170","0xa9d1e08c7793af67e9d92fe308d5697fb81d3e43","Coinbase 10","21,254,872.219977","0.0280%","$21,248,687.05"
"171","0x0323718324218dcbff7c9f89ba5a5954f61a6c74","","21,252,589.053626","0.0280%","$21,246,404.55"
"172","0x2e25c6d438f03844c631772ca1330fe5d0a06232","","21,186,753.3","0.0279%","$21,180,587.95"
"173","0x886b5f10a14e7b3e0a7bae7cf2a12b7c1163d378","","21,183,675","0.0279%","$21,177,510.55"
"174","0xf02e86d9e0efd57ad034faf52201b79917fe0713","","21,162,191.2765","0.0279%","$21,156,033.08"
"175","0x3d1b0c5d39adb2d52ab73fcf9a3e4565b84229b9","","21,001,000","0.0277%","$20,994,888.71"
"176","0x867742a670437551d47d090bac43e16af12db35d","","21,000,000","0.0277%","$20,993,889.00"
"177","0xf78be1e39a9d223740e0b252ed6bdd490cd03cab","","20,985,997.5","0.0277%","$20,979,890.57"
"178","0x3e1b373f18110bd7986b5cb6826300f5f3fd87b0","","20,935,010","0.0276%","$20,928,917.91"
"179","0x0f896345b538ac140ac84f3367a65a34efd8fcbf","","20,932,512.833535","0.0276%","$20,926,421.47"
"180","0x4ed6cf63bd9c009d247ee51224fc1c7041f517f1","","20,864,080.066061","0.0275%","$20,858,008.62"
"181","0x08dfe46056021941599f7fc4f6650c008cd1cab2","","20,753,803.88","0.0273%","$20,747,764.52"
"182","0xce2b47d7b7163ecb732494265935bce39e82e9c4","","20,735,394.617411","0.0273%","$20,729,360.62"
"183","0x09bb42c95f8f3fb41f47a99487bea93beb4211fe","","20,725,017.391558","0.0273%","$20,718,986.41"
"184","0xfa0ba3bb8a4b3c798f89d6bbd90a6fde3c09153f","","20,457,384.619881","0.0270%","$20,451,431.52"
"185","0xf7f741e29828da8500a5daae6a348008fe3a5816","","20,448,093.917515","0.0269%","$20,442,143.52"
"186","0x9e46b419ac14224e15749d236afd7defc2c9fb4e","","20,379,748.65","0.0269%","$20,373,818.14"
"187","0x7c4ca4405041200f34e2f211cdf276948e3360c8","","20,328,537.525515","0.0268%","$20,322,621.92"
"188","0x53a06c597f5b94900a328d63f1bca0bd3f41ffb6","","20,276,743.75","0.0267%","$20,270,843.22"
"189","0x919dcd41d3ab3b62ddc8d85f7372f4c25665ba39","","20,269,040.23689","0.0267%","$20,263,141.95"
"190","0x3f01f2017442e884a8098c68ac02cf4136bb67fe","","20,120,656.36","0.0265%","$20,114,801.25"
"191","0xbef90ae9fcfc287ada41d947020e6d3c6016af72","","20,100,000","0.0265%","$20,094,150.90"
"192","0x4131c718d9fd40cd952fd458749281ef8e544233","","20,093,829.911026","0.0265%","$20,087,982.61"
"193","0x03ef344aa7e0f2ac4e36a27a86e3c1c838463a78","","20,074,221.258547","0.0265%","$20,068,379.66"
"194","0x6b7ac100481e30252331c150a6839d3cd9c517d9","","20,047,826.588293","0.0264%","$20,041,992.67"
"195","0xda15310d9ca4879c4564e7afc6e01c8fb716c591","","20,038,954.903146","0.0264%","$20,033,123.57"
"196","0x44c9503188827034377353a9f6d876eea15933c9","","20,010,840.041132","0.0264%","$20,005,016.89"
"197","0xac0702c2782912480552fee30143e2289464598d","","20,000,326.000406","0.0264%","$19,994,505.91"
"198","0x71f85c2a92ee075cdbb8b0bd429cb6e12a90f516","","20,000,100","0.0264%","$19,994,279.97"
"199","0x6be1498fcdcc05c7f2770639a0d6c19b0f82b5b4","","20,000,093.5","0.0264%","$19,994,273.47"
"200","0x804a7934bd8cd166d35d8fb5a1eb1035c8ee05ce","","20,000,000.03","0.0264%","$19,994,180.03"
"201","0x4297461c9bd367059da0fcec8f1aba0269b32bc5","","20,000,000","0.0264%","$19,994,180.00
"202","0xf884b1bc1d91cdf824e7f35d61edfdb042c28c83","","20,000,000","0.0264%","$19,994,180.00"
"203","0xad8e5ceb7d77e10403be8430717c515273c31b8d","","20,000,000","0.0264%","$19,994,180.00"
"204","0x625dcf6e65ddafdea28cdc2af25478df045e9c1b","","19,879,436.813852","0.0262%","$19,873,651.90"
"205","0x0e01cfa718a68fe852f7144eedcb40357c489905","","19,768,692.464351","0.0260%","$19,762,939.77"
"206","0x0ef3f47af549546a2d59f32fdca33cb1cff4aabc","","19,627,660.53524","0.0259%","$19,621,948.89"
"207","0xd01487437f90ee989a22ae2998e07c662a9570ff","","19,615,183.342192","0.0258%","$19,609,475.32"
"208","0xf16f38bdc56fddf1b01d3f956c27d5e91e0ff8ed","","19,525,079.034","0.0257%","$19,519,397.24"
"209","0x8eb8a3b98659cce290402893d0123abb75e3ab28","Avalanche: Bridge","19,517,083.640178","0.0257%","$19,511,404.17"
"210","0xac541a5768d248eb23c34e7cbcea252bcf14e900","","19,376,712","0.0255%","$19,371,073.38"
"211","0xd52e40c8fc5196c49709bb758febeebc7a695658","","19,347,788.14501","0.0255%","$19,342,157.94"
"212","0x216a471aa93e3cae276aa4d24f750149c7a00dee","","19,340,641","0.0255%","$19,335,012.87"
"213","0x01b64ec97c01219d3462be8355855e14a9a036c4","","19,276,490.069395","0.0254%","$19,270,880.61"
"214","0x840760aed6bbd878c46c5850d3af0a61afcd09c8","","19,000,121.279724","0.0250%","$18,994,592.24"
"215","0x76647c5a02f8383bf39b172cf317a4d0547d7199","","18,964,966.971794","0.0250%","$18,959,448.17"
"216","0x3c292fde1d72853d9c59614eef766ae998c929a9","","18,958,825.76291","0.0250%","$18,953,308.74"
"217","0x1d791f12bb6808dc08ab365e2ec8913273c00193","","18,869,262.047789","0.0249%","$18,863,771.09"
"218","0xf3173cadaf5274a03ba2d3baa5366166fa1ce32e","","18,795,699.723655","0.0248%","$18,790,230.18"
"219","0x9182a3214056f0b13d9a26f54a1994f9178a8d84","","18,787,886.870633","0.0248%","$18,782,419.60"
"220","0xc0e19abd7e913fdf00265b3846f30746b786c04c","","18,772,435.891665","0.0247%","$18,766,973.11"
"221","0xe92057f579abd78e65e20c3d4fc3994aa7fe1604","","18,714,924.926918","0.0247%","$18,709,478.88"
"222","0x3ee18b2214aff97000d974cf647e7c347e8fa585","Wormhole: Portal Token Bridge","18,539,998.521959","0.0244%","$18,534,603.38"
"223","0xbed1eb542f9a5aa6419ff3deb921a372681111f6","","18,520,440.343723","0.0244%","$18,515,050.90"
"224","0x5c038a483cf6da484a676e4c04b4675ca9f998cb","","18,441,449.21143","0.0243%","$18,436,082.75"
"225","0xf3bfc88b752cfc435fcda87fb4119e80dadba3eb","","18,432,673.130339","0.0243%","$18,427,309.22"
"226","0xd59fcf8c78437827c80f87ab7000c81426fa2aa6","","18,289,035.2463","0.0241%","$18,283,713.14"
"227","0x45a4c058ba29a111c6e159ecf19157710c9d14e5","","18,240,584.350248","0.0240%","$18,235,276.34"
"228","0x613d9871c25721e8f90acf8cc4341bb145f29c23","","18,208,031.556555","0.0240%","$18,202,733.02"
"229","0x76c3d516bc86f63c875c34c265a443dc83aae633","","18,062,350.175977","0.0238%","$18,057,094.03"
"230","0x139755dfda844a7e56f49c319ad4b7cb041f54f7","","18,009,218.867743","0.0237%","$18,003,978.19"
"231","0xc70cac9c25363b60f0f46e7ef4c20eca4b092ab8","","17,946,999","0.0236%","$17,941,776.42"
"232","0x186e6139cd55902faa3d70b4cd866e7237d2f6ed","","17,727,918.373062","0.0234%","$17,722,759.55"
"233","0xe0e6490fc490370733f6ff9b6f1d5ec51acc5a5f","","17,711,745.631939","0.0233%","$17,706,591.51"
"234","0xeab6f821b1fe6637ca5d407695524dc982e4edee","","17,570,450.41","0.0232%","$17,565,337.41"
"235","0x510f20b0e28cf00e109c5a4dbbed364140ce3b54","","17,570,067","0.0232%","$17,564,954.11"
"236","0x33064d04d38164676fa9650294561169ad567458","","17,348,441.282776","0.0229%","$17,343,392.89"
"237","0x8f2829bfb61548c954262b4bcef41a4ce733615e","","17,299,865.320102","0.0228%","$17,294,831.06"
"238","0xe1e13a8d3d5b1596dc8849ae35c9f410a4ab49d1","","17,225,061.761569","0.0227%","$17,220,049.27"
"239","0xafae14031cbf5ea08bff2a8ba21a11fec2559668","","17,215,807","0.0227%","$17,210,797.20"
"240","0x1bd6bf199eabad9afe20e32212b089281da04da8","","17,172,468.168152","0.0226%","$17,167,470.98"
"241","0xb042e268e8f4c89bff39ac52fec6f0bd5c5ed877","","17,172,468.168152","0.0226%","$17,167,470.98"
"242","0x1fb3ec04220e0e1bc5c1962b5ad52fe4d79e0327","","17,172,468.168152","0.0226%","$17,167,470.98"
"243","0x7db707d0879273a19112e9e2cada596a55fe99c1","","17,170,432.467563","0.0226%","$17,165,435.87"
"244","0xb353108f97bb42240838b8fb6352960b54118050","","17,170,326.370049","0.0226%","$17,165,329.81"
"245","0x532a9b54d05632edcb94511bc30252d98997e28b","","17,170,315.453879","0.0226%","$17,165,318.89"
"246","0x1a03e4e34bcb7c73692df4b3f252fbc7a5ded034","","17,169,928.091722","0.0226%","$17,164,931.64"
"247","0x6e131ce1a9b7f7bf3e1962e55cc1478885705740","","17,169,472.820338","0.0226%","$17,164,476.50"
"248","0x88f9486346daafb8f3384640874579e5ac9a0b1a","","17,167,354.064637","0.0226%","$17,162,358.36"
"249","0x106d25fad7657ffbb18ed2146f5c2c04f5942771","","17,000,015.100001","0.0224%","$16,995,068.10"
"250","0xe0755f3a9a1714eee8fe7a540f20eeac6117787c","","16,878,248.061205","0.0222%","$16,873,336.49"
"251","0x9516528799ee13adac03ef44f75699eb98efa6de","","16,853,513.562334","0.0222%","$16,848,609.19
"252","0x9bac87df4bed2b798723cb72e93b3c8b3ba848ae","","16,786,974.46583","0.0221%","$16,782,089.46"
"253","0xe0d76d96d0dae82952dcc150b66f19a78dd5e045","","16,633,528.55404","0.0219%","$16,628,688.20"
"254","0xff762fa809eb3acc6dd3e25bccb8aaa80f8947e0","","16,547,057.200848","0.0218%","$16,542,242.01"
"255","0x3b76a3699b563ad1af98ad581714c72315c83607","","16,483,179.747189","0.0217%","$16,478,383.14"
"256","0x7fa9a18f72955a15f1e2d94ddf0a6d0485b1debb","","16,299,499.656954","0.0215%","$16,294,756.50"
"257","0x9acbb72cf67103a30333a32cd203459c6a9c3311","Paribu 5","16,256,420.982924","0.0214%","$16,251,690.36"
"258","0x45060f77491a404a261c37f77d2fdbc9633c8bd9","","16,203,586.420579","0.0214%","$16,198,871.18"
"259","0x772f7b3d5a7375eca229dd740b32dfece7b65f60","","16,172,417.836866","0.0213%","$16,167,711.66"
"260","0x23a4637d425bd8bc5b3a7e55a0514f7aed6fcf47","","16,125,137.291871","0.0212%","$16,120,444.88"
"261","0xafedf06777839d59eed3163cc3e0a5057b514399","CoinEx: Cold","16,008,217.954938","0.0211%","$16,003,559.56"
"262","0x5cde5ab7eda87018bee12b3a356aa8db9b05e6a3","","16,000,000","0.0211%","$15,995,344.00"
"263","0x1a34f1b1860885f6b0946847894719711e43ca2c","","15,994,688.503964","0.0211%","$15,990,034.05"
"264","0xdaa7143682fe59f6d2d541ff285d44b0ae3d37a2","","15,979,875.594549","0.0211%","$15,975,225.45"
"265","0x11dbf181dd5c075c2abd92cb9579c4809406b5be","","15,730,547.645555","0.0207%","$15,725,970.06"
"266","0x69b0a525d1d39161d8111c2b84d0cff5a5b837f9","","15,574,531.032122","0.0205%","$15,569,998.84"
"267","0x04ffa700719ea64bfe28970d6f76686980f3b83b","","15,499,998.5","0.0204%","$15,495,488.00"
"268","0x390f3595bca2df7d23783dfd126427cceb997bf4","","15,356,022.678658","0.0202%","$15,351,554.08"
"269","0xc89908b96b7027043c8e2e30c46c33e0d4c83dcb","","15,351,937","0.0202%","$15,347,469.59"
"270","0x3feff3893bef914c20d345241c8d9ba5b8be277c","","15,310,529.75125","0.0202%","$15,306,074.39"
"271","0x3ed3b47dd13ec9a98b44e6204a523e766b225811","Aave: aUSDT Token V2","15,219,201.537412","0.0201%","$15,214,772.75"
"272","0xb6a40866b80074e478d349c0aa5ddeb47405fd06","","15,164,812.078893","0.0200%","$15,160,399.12"
"273","0xa05b672489dc4f9b5f8567e25371e8cbe70b9764","","15,127,019.375128","0.0199%","$15,122,617.41"
"274","0x99c2d01c89ea89839516b2758fbca737fb939263","","15,090,106.052001","0.0199%","$15,085,714.83"
"275","0xefa73f3858392565e1566b70caa27ce79337a2c3","","15,010,101","0.0198%","$15,005,733.06"
"276","0xad8dc0be59b5b94a994ba7f33299650b089a13e9","","15,000,005.55","0.0198%","$14,995,640.55"
"277","0xec67a40b9e86614994390fc17488c1494de53861","","15,000,000","0.0198%","$14,995,635.00"
"278","0xbbf00dc2eaf83bbce0225092aac057c423ccf8d8","","15,000,000","0.0198%","$14,995,635.00"
"279","0x17b153d78708660407fef9f008d57aebd6376f6b","","15,000,000","0.0198%","$14,995,635.00"
"280","0x25a928b25e93f152b6efc3c27dadf96cc19fa1a8","","15,000,000","0.0198%","$14,995,635.00"
"281","0xec4aafaaa29bcd6162fbbd094d8f05bf4b4af6a2","","15,000,000","0.0198%","$14,995,635.00"
"282","0xfe99644d35926a7955f88eccfa52a13012fa984e","","14,979,678.229119","0.0197%","$14,975,319.14"
"283","0x35d2d03607b9155b42cf673102fe58251ac4f644","Phemex 3","14,801,768.724894","0.0195%","$14,797,461.41"
"284","0x62ff09d6c5c341b4bc179d57f41c196630d9ab10","","14,799,990.013139","0.0195%","$14,795,683.22"
"285","0xb957fb5712774ce73eb4cc8f7c2a177bc729a9f5","","14,567,336.368644","0.0192%","$14,563,097.27"
"286","0x725bf73c6cea18d077c4d7ace2d96d9630bb34d8","","14,500,872","0.0191%","$14,496,652.25"
"287","0x01cf245251de67ab7015ac969cc9a132ebacde70","","14,498,204.006622","0.0191%","$14,493,985.03"
"288","0xac7619062c05d9811d0418ef07cd13b94936c98d","","14,469,576.97248","0.0191%","$14,465,366.33"
"289","0xa82616f77cadb835dbcb2e622ebd9158d6fc8d80","","14,366,022.82","0.0189%","$14,361,842.31"
"290","0xfa612c66874213341ed2041cd13c798e61817041","","14,298,158.457536","0.0188%","$14,293,997.69"
"291","0xd2c7a18267a3d08b5c3afbe4e587a1bcc2ecfb38","","14,296,063.421976","0.0188%","$14,291,903.27"
"292","0xac39b7b84129ba0fca4a97ccdc2dbb2a08bb60fb","","14,183,775.386993","0.0187%","$14,179,647.91"
"293","0x05d9617595e69ff577076355abc5e7c51ed0bdf3","","14,171,767.564285","0.0187%","$14,167,643.58"
"294","0x69088d25a635d22dcbe7c4a5c7707b9cc64bd114","Elixir: deUSD Mint and Redeem","14,117,602.209273","0.0186%","$14,113,493.99"
"295","0xf78b9bf29ae319abb8d5cb7111a972714979e79e","","14,020,968.034831","0.0185%","$14,016,887.93"
"296","0x5131057fe481468ea6a689a42e81a57622a27dbc","","14,000,100","0.0184%","$13,996,025.97"
"297","0x4cbeb09caa4dddde613cedfe2f73a92f07fc858f","","14,000,000","0.0184%","$13,995,926.00"
"298","0x8d6fbe80e72b10f392a8147e725a37da8eb625e6","","13,990,333.70654","0.0184%","$13,986,262.52"
"299","0x3c2a12a21149da473da39ac9ae0b6db886b30c2a","","13,988,647.572965","0.0184%","$13,984,576.88"
"300","0xaa5741c1ea1e6aa82015ac63b54b8b8e247137e4","","13,988,105.045401","0.0184%","$13,984,034.51"
"301","0xd49417f37ced33aba35ddabf208d5bfcd87b4ebe","Flipster 1","13,912,339.879025","0.0183%","$13,08,291.39"
"302","0x30241bd4cb4233130d8db694507d9c5c1e5a2b50","","13,909,000","0.0183%","$13,904,952.48"
"303","0x629e90b5a037c451583afee96a5468d00275e6f6","","13,909,000","0.0183%","$13,904,952.48"
"304","0x92048fcf4105d807da6c8e29ba635c634523bef1","","13,897,775.629503","0.0183%","$13,893,731.38"
"305","0x24eb3a39856723138796c5068a17ba4fb15cd25e","","13,831,401.907144","0.0182%","$13,827,376.97"
"306","0xbb3400f107804dfb482565ff1ec8d8ae66747605","Starknet: StarkGate USDT Bridge","13,798,192.860279","0.0182%","$13,794,177.59"
"307","0x5abbb621697a110020a6cd1f4afaf1b1cb938982","","13,700,000.13499","0.0181%","$13,696,013.43"
"308","0x811ed79db9d34e83bdb73df6c3e07961cfb0d5c0","","13,602,897.276774","0.0179%","$13,598,938.83"
"309","0xb937bf362cd897e05eb3d351575598c4f9b55839","","13,541,640.224709","0.0178%","$13,537,699.61"
"310","0x5774931069218c8e8ce9efce865a4371bd1a9ffd","","13,520,947.323252","0.0178%","$13,517,012.73"
"311","0xe50cc3b33a2c8804fcf916a6a9336e9a8499d01b","Kauri Finance: KAURI 2","13,487,483.03841","0.0178%","$13,483,558.18"
"312","0x4e68ccd3e89f51c3074ca5072bbac773960dfa36","Uniswap V3: USDT","13,461,082.657353","0.0177%","$13,457,165.48"
"313","0x2a3dd3eb832af982ec71669e178424b10dca2ede","Polygon (Matic): zkEVM Bridge","13,394,798.320044","0.0177%","$13,390,900.43"
"314","0x5b3dbfc7b11fcb245f3b12ad39be57d15f049de7","","13,364,109.384531","0.0176%","$13,360,220.43"
"315","0xa2e0176b0dc202d4a839405049431e023f7ae5d0","","13,314,536.243222","0.0175%","$13,310,661.71"
"316","0x7e4c08cadf397d6f7b364a1fe6cf338beae83275","","13,250,826.730123","0.0175%","$13,246,970.74"
"317","0x8766fe4aa2208afd9a5b050acfcdbb4ad4d3d8ee","","13,215,713.744601","0.0174%","$13,211,867.97"
"318","0x88e6c440164b14756969be17ae0fb44470ba4d47","","13,144,255.049904","0.0173%","$13,140,430.07"
"319","0xc26e2661d56faf514f4aa24f1af4a88d858b7631","","13,134,429.815048","0.0173%","$13,130,607.70"
"320","0xd3ba7792d2ea6b47a3b4efea6f34eafa41e28517","","12,950,000.904954","0.0171%","$12,946,232.45"
"321","0x863b9fe43ea1490a9084ef0cdf436dbe4c34370f","","12,900,020.74289","0.0170%","$12,896,266.84"
"322","0xa5ef1bb0ffeb8af1f6852be2ac0cc0bf9d92df7e","","12,898,816.597276","0.0170%","$12,895,063.04"
"323","0xcd9d70e721f9234393b598006203fdef7620e704","","12,843,154.543783","0.0169%","$12,839,417.19"
"324","0xfea1b6eb658a196be12b4dfee02a56dfc004a378","","12,827,170.351992","0.0169%","$12,823,437.65"
"325","0xb6928299bb62226e6ad3c2dc22e490cdb2033b68","","12,762,174.760282","0.0168%","$12,758,460.97"
"326","0x65040b03f54011b681e84ce79c21e25aa838c6c5","","12,566,538","0.0166%","$12,562,881.14"
"327","0x6f3f68525e5edad6f06f8b0eae0dd7b9f695af13","","12,500,000.040009","0.0165%","$12,496,362.54"
"328","0x5fbdd83e167acc51f8aace1319f63f771058d2dd","","12,371,874.091533","0.0163%","$12,368,273.88"
"329","0x4f8af70735f6c8d4ba3b63265c24325fd5a062ed","","12,322,869","0.0162%","$12,319,283.05"
"330","0x03b6394c8cf5c467e38fb5a0dbc41afacee28b9a","","12,258,797.629367","0.0162%","$12,255,230.32"
"331","0xdb13cf8d36235b69ba256f5d07ec6f718e261031","","12,190,548.4493","0.0161%","$12,187,001.00"
"332","0x04c8577958ccc170eb3d2cca76f9d51bc6e42d8f","","12,120,692.483725","0.0160%","$12,117,165.36"
"333","0xa0bf58e0593a866f93d34db6525433bad484d9da","","12,100,001.1","0.0159%","$12,096,480.00"
"334","0x7300ba8bea7dc394c73ad84bfc5cb41ef4ae5293","","12,083,274.070466","0.0159%","$12,079,757.84"
"335","0x6c6539cc874f56143764cae47988c39f0bfb066b","","12,047,136.60802","0.0159%","$12,043,630.89"
"336","0xa788bf97562e4bad0f2d033410e73548147213f9","","12,004,550.288104","0.0158%","$12,001,056.96"
"337","0xffc1aaaa067fc421e4169077f0a77d01017b1bfb","","12,000,676.096906","0.0158%","$11,997,183.90"
"338","0x2b7afdc88f7c203807a45280cb5b4cf53fd57862","","12,000,007.24401","0.0158%","$11,996,515.24"
"339","0xdadddde750e5304de0c1abd3aad9adfcb41784ed","","12,000,000","0.0158%","$11,996,508.00"
"340","0xea3f90dc09b13c3fb711c8acc7524b8c2ebac4d9","","12,000,000","0.0158%","$11,996,508.00"
"341","0x2a4cb09828b18898012726d6a4149b5f17265fce","","12,000,000","0.0158%","$11,996,508.00"
"342","0x27d041656942c0fb2d4a7ed3452eda0fa073a1ca","","12,000,000","0.0158%","$11,996,508.00"
"343","0xc0dd331be3519fe95f7e539823ea0a14016cf3f3","","12,000,000","0.0158%","$11,996,508.00"
"344","0xc2985a287cb782378f4f50fede69242e71a2a509","","12,000,000","0.0158%","$11,996,508.00"
"345","0x9c1d4f856ebe282c7d9476a690dab1937df5ee4b","","12,000,000","0.0158%","$11,996,508.00"
"346","0xd2e0b5618dc00f251da11fbd92dafc8773ea18eb","","12,000,000","0.0158%","$11,996,508.00"
"347","0x83e8656aef5c16a1559626ce0b2282fcd5e9e451","","11,999,996","0.0158%","$11,996,504.00"
"348","0xff4d3cbfc2e979d153de2ef588626e3dea0bcb53","","11,937,908.561","0.0157%","$11,934,434.63"
"349","0xbeb58014581db473b6269b96e0c8293540fe7fea","","11,932,016.528884","0.0157%","$11,928,544.31"
"350","0x9588b1a50c3c7608d057fbdac2408d041cced703","","11,914,266.850121","0.0157%","$11,910,799.80"
"351","0xe4485b294bab427d3901d872c86162a1920ecb8b","","11,904,000","0.0157%","$11,900,535.94
"352","0x5183fed33e8bc603b3b6100c46cf866ed200b66e","","11,827,863.790443","0.0156%","$11,824,421.88"
"353","0xa74e8ae2f83d2564af25420ad4d6a7fe224b053f","","11,803,288.706438","0.0156%","$11,799,853.95"
"354","0x6ada17fd28c8c274fa919dd107e83992202e62b5","","11,800,000.0101","0.0155%","$11,796,566.21"
"355","0x23102f62acff120b8c6da2566e6d057858e48df5","","11,790,827","0.0155%","$11,787,395.87"
"356","0x9db9e0e53058c89e5b94e29621a205198648425b","Uniswap V3: WBTC-USDT","11,730,931.596606","0.0155%","$11,727,517.90"
"357","0xfff8cb22789fafb30492cc4264a711c2ed1973ee","","11,708,872.218564","0.0154%","$11,705,464.94"
"358","0x86b406b47af5761620776049ced2947b1f0486f9","","11,700,201.801998","0.0154%","$11,696,797.04"
"359","0x4301ae14689e21e2740275432db4c9bdaa2d14f2","","11,674,039.349039","0.0154%","$11,670,642.20"
"360","0xb0a5f41a36de795bb102dc41f4c61c6956144282","","11,598,209.933904","0.0153%","$11,594,834.85"
"361","0x3980c9ed79d2c191a89e02fa3529c60ed6e9c04b","Metis Andromeda: Bridge","11,503,886.245654","0.0152%","$11,500,538.61"
"362","0xafcd96e580138cfa2332c632e66308eacd45c5da","","11,500,005","0.0152%","$11,496,658.50"
"363","0xbb01d9d14229cb924dfa5f5f3ada55cda2fd02b7","","11,471,700.708295","0.0151%","$11,468,362.44"
"364","0xe0baf7396d5dff33052ed6423ee8a8e0756787c5","","11,456,400","0.0151%","$11,453,066.19"
"365","0xc9c9b93f742a95f35eb4c77107ffd2d72de2f687","","11,411,223.465663","0.0150%","$11,407,902.80"
"366","0xeca33dc9e896072d4edc4a02183910376d4b5e76","","11,139,467.825405","0.0147%","$11,136,226.24"
"367","0x79182bea90bc71b3b2629c7dcca086beff5a4b42","","11,105,149.811592","0.0146%","$11,101,918.21"
"368","0x1d3f1110359685ee9504c41a8b3e9cceabe8e872","","11,091,205.35545","0.0146%","$11,087,977.81"
"369","0x88c984990573d385949deb571ed21ead63301045","","11,079,879.83399","0.0146%","$11,076,655.59"
"370","0xd043ffa6cb38e42fe008ed9da0bb820373184866","","11,078,152.689049","0.0146%","$11,074,928.95"
"371","0x92bed8013b30354c6fe59bf666cdf8bf10e44dca","","11,073,945","0.0146%","$11,070,722.48"
"372","0xc14d78c6966d7975d9995ae694815bbbf5743ce1","","11,050,000","0.0146%","$11,046,784.45"
"373","0xb56167c5552610d363dc1566bf17790b5c7f021a","","11,036,333.07","0.0145%","$11,033,121.50"
"374","0xfb30ed3485b30303965fcbac84d6e7bf239e75f7","","11,030,097","0.0145%","$11,026,887.24"
"375","0xbdaa91996ee07b261e8ca110c514dd5f82e0e21c","","11,000,000.03","0.0145%","$10,996,799.03"
"376","0x8a7374d9b6296d1d18b8eb16cadd4a7ce607a89b","","10,993,300.573801","0.0145%","$10,990,101.52"
"377","0x5be9a4959308a0d0c7bc0870e319314d8d957dbb","World Liberty: Multisig","10,982,137.118942","0.0145%","$10,978,941.32"
"378","0xf61880470379e8dacea8189aa99c0d704c95b08c","","10,928,588.480372","0.0144%","$10,925,408.26"
"379","0xf7d13c7dbec85ff86ee815f6dcbb3dedac78ca49","Phemex 2","10,896,511.009362","0.0144%","$10,893,340.12"
"380","0x4ed36f7a26a07d387fd2f201842829e4f29ddb1d","","10,880,323.982006","0.0143%","$10,877,157.81"
"381","0x9e7174cad1a3c8cc479f44c397438e7d53a2d874","","10,832,507.459872","0.0143%","$10,829,355.20"
"382","0x1d13fa30b18f45a3502ca4128d949f607c1c5cc3","","10,801,580.023403","0.0142%","$10,798,436.76"
"383","0x5ee84d30c7ee57f63f71c92247ff31f95e26916b","","10,748,155.500452","0.0142%","$10,745,027.79"
"384","0x46241a34caf96e9d861795ec750e8ac6b68d9e71","","10,710,000","0.0141%","$10,706,883.39"
"385","0xf17853c731e2b931eea04bee507812cf6615fee7","","10,640,719.402211","0.0140%","$10,637,622.95"
"386","0xc8da418c3c0c1b40792937c8a9a7bc8e65fc7ae2","","10,560,496.32","0.0139%","$10,557,423.22"
"387","0x195e8cd1cca12fd18643000c6d4e21b766d92a10","","10,560,151.785098","0.0139%","$10,557,078.78"
"388","0x99679a2e3aaca6766f1a82ef784798270a5fb21e","","10,540,021.960571","0.0139%","$10,536,954.81"
"389","0x643e53d86f9f4eb44530b74f2855cacca636386d","","10,528,834.1143","0.0139%","$10,525,770.22"
"390","0x5bc3de43877febd835252d2d593752cb6dea21d7","","10,500,000","0.0138%","$10,496,944.50"
"391","0xe9f9be1000bac5284a40064900f07eaffa2969f7","","10,500,000","0.0138%","$10,496,944.50"
"392","0xad7983b56cbd97313107f4c1935f6a8c75e11f54","","10,423,867.329465","0.0137%","$10,420,833.98"
"393","0x00e17f47d5f7c5864cf17aa4ec5396d694dbac3d","","10,407,111.301953","0.0137%","$10,404,082.83"
"394","0xe1c567cb7bf60443ac7bdc8d421ae6f72eb1d6c2","","10,400,343","0.0137%","$10,397,316.50"
"395","0x7491f26a0fcb459111b3a1db2fbfc4035d096933","KuCoin 19","10,324,703.752441","0.0136%","$10,321,699.26"
"396","0xb28593f308d3126ae75ba2abcca6356f6607aed0","","10,271,615.605673","0.0135%","$10,268,626.57"
"397","0x15cfc87a0297cb29787a58fe3fddd0c4546ce1d2","","10,257,666.444425","0.0135%","$10,254,681.46"
"398","0xec3616fd7db6d25d6dbbedf46e2c7d5fa9087146","","10,253,873.863781","0.0135%","$10,250,889.99"
"399","0x726f3b18567842dc58b687cf7abc04184973e93b","","10,240,713.751393","0.0135%","$10,237,733.70"
"400","0xe2102860361ced07ab9d75dbe815962b72165e82","","10,174,469","0.0134%","$10,171,508.23"
"401","0xa5f3946fe8c5fbac3dfd7eb8979d41b99b09a80a","","10,132,407.83","0.0134%","$10,129,45930"
"402","0x770dd189825227014a8dcf0d0d2c3656bd5e689a","","10,097,066.744702","0.0133%","$10,094,128.50"
"403","0xb8e6d31e7b212b2b7250ee9c26c56cebbfbe6b23","KuCoin 15","10,095,734.75","0.0133%","$10,092,796.89"
"404","0x2c8fbb630289363ac80705a1a61273f76fd5a161","OKX 4","10,046,538.287386","0.0132%","$10,043,614.74"
"405","0x96377281bbac6f374ad2756e88932f0d9f805ccc","","10,009,904","0.0132%","$10,006,991.12"
"406","0x520c1a9173b82f45195abccba29839526558c43f","","10,007,965.024251","0.0132%","$10,005,052.71"
"407","0xd86e3f50214db6f4e0f76288940e3b08938e8d46","","10,005,599.319706","0.0132%","$10,002,687.69"
"408","0xfb4245b3c13e191806ac1517d75e4dad3f3ae1ae","","10,005,024.588192","0.0132%","$10,002,113.13"
"409","0xf2bfb9f0473c0aaeedadb51206e53a0e3d9f3b92","","10,003,442.9826","0.0132%","$10,000,531.98"
"410","0x34ebced59f8b544309438c589b3eb607953c132a","","10,001,321.973994","0.0132%","$9,998,411.59"
"411","0x11522abf8f491b9166c2f1de66a1f261ebee63b1","","10,000,910","0.0132%","$9,997,999.74"
"412","0xb1ff70bce940911cf22e1a9a9d56377a8c17b51d","","10,000,763.4708","0.0132%","$9,997,853.25"
"413","0xa2507c9284654df0ccc419becd458637b3eefc80","","10,000,630.836756","0.0132%","$9,997,720.65"
"414","0x57ebb7746d8126445e0779a739886d79b3fcced0","","10,000,416.257274","0.0132%","$9,997,506.14"
"415","0x195c37fb4aefa565a41acd991c2ca18c3a38771e","","10,000,407","0.0132%","$9,997,496.88"
"416","0x6dda736d67a9a827b4335dcaf2810d6ed42c85fa","","10,000,202","0.0132%","$9,997,291.94"
"417","0xdccb48657a11a916f94ab0e2a85a54c9aafe30cc","","10,000,200","0.0132%","$9,997,289.94"
"418","0x8028270e06fca18e212306a7c93bfee52b440fc5","","10,000,156.951235","0.0132%","$9,997,246.91"
"419","0x629224f995f5da7f84b67d51d080dee8694ad9c3","","10,000,009.5","0.0132%","$9,997,099.50"
"420","0x9c9c8f4f33679ce7f2c46cbf8ab4feb4cf45fe46","","10,000,009","0.0132%","$9,997,099.00"
"421","0xae15342655ba3597b2b4d11d86a20426c4487c03","","10,000,009","0.0132%","$9,997,099.00"
"422","0x17c264890f468ec7de4ec3b0c31c75010fa58460","","10,000,000.035","0.0132%","$9,997,090.03"
"423","0x866c9a77d8ab71d2874703e80cb7ad809b301e8e","","10,000,000","0.0132%","$9,997,090.00"
"424","0xc617acce966d9cbb610b0ed6f125985e21919840","","10,000,000","0.0132%","$9,997,090.00"
"425","0x75a1350213f2e6dded429c4847dfb7302ad652b7","","10,000,000","0.0132%","$9,997,090.00"
"426","0x98450cf63bcdf4280ae684d04fbad1e8e141bf57","","10,000,000","0.0132%","$9,997,090.00"
"427","0xe0d952583a54666928d113ac829d8ae04a4668d8","","10,000,000","0.0132%","$9,997,090.00"
"428","0x094158682ac43e62d5c1d3f301f684db36704751","","10,000,000","0.0132%","$9,997,090.00"
"429","0xf136eefd99117541d944fc67ca889733261b0336","","10,000,000","0.0132%","$9,997,090.00"
"430","0x1ad5c067ebed3882cb38c0e4da0b5d685284398d","","10,000,000","0.0132%","$9,997,090.00"
"431","0x5d0d7b0c688ba21da7c2a37ef284963dfc07debd","","10,000,000","0.0132%","$9,997,090.00"
"432","0x3a3775dbb5bc17378bee8eeecd0c6483f70c43fa","","10,000,000","0.0132%","$9,997,090.00"
"433","0x28c7abdeeca9d0abb8e504b29a4d97c58c92369b","","10,000,000","0.0132%","$9,997,090.00"
"434","0xc2cb84e9f8e6fb107a293068f0b551b2a4d4a3db","","10,000,000","0.0132%","$9,997,090.00"
"435","0x25cf3c0e80cdad15e825d40d4f57d9aa83868727","","10,000,000","0.0132%","$9,997,090.00"
"436","0x7c559c9d5f29fea26e9e5e7caf739aa2778701b4","","10,000,000","0.0132%","$9,997,090.00"
"437","0x2959d14d98177c0c5bd33dafdf399b4399c978dd","","10,000,000","0.0132%","$9,997,090.00"
"438","0x148990d87c467ab1e9ff3435d7e4ac0909e640c8","","9,999,999.185701","0.0132%","$9,997,089.19"
"439","0xf23e41428323026bdabb37e26c8dcfe5da72b14a","","9,999,994","0.0132%","$9,997,084.00"
"440","0xd1dc9606468c8ecf23d9e1290e6123cf11aada76","","9,999,510.855089","0.0132%","$9,996,601.00"
"441","0xcec0441a517f9d91a605bd18f28819122fc41677","","9,999,480.11","0.0132%","$9,996,570.26"
"442","0x48df67ce9eb6a059e5709613ab2eddfd101b9887","","9,999,474.661993","0.0132%","$9,996,564.81"
"443","0x53c24eabe02fe415ba1541545df8ed3cd10a3c06","","9,999,460.008708","0.0132%","$9,996,550.17"
"444","0x460dd10dd1785db90c0a31f9c173c2f91ef78729","","9,999,282.449762","0.0132%","$9,996,372.66"
"445","0x14954293c93dd6cb0907b65eadf4278059c6f337","","9,999,107.781771","0.0132%","$9,996,198.04"
"446","0xcd571905ea2c45700d0779278542c674b7269926","","9,998,995.0101","0.0132%","$9,996,085.30"
"447","0x8a5fe8e54e37ecb5f464df3e9db440836c2c3b09","","9,998,980","0.0132%","$9,996,070.30"
"448","0xb6619ad28b05528d46b275c1725df20c54c6f391","","9,991,275.16559","0.0132%","$9,988,367.70"
"449","0x840f08637c154a72020421b72f95cdc7cbc72df0","","9,990,458.39","0.0132%","$9,987,551.17"
"450","0x5dd0e002cea40caaea6dbfbf124ae82329f9ead6","","9,935,000","0.0131%","$9,932,108.92"/
"451","0x9c7f805f6e9bc3b30a36857ffc484eeb7ff2833f","","9,935,000","0.0131%","$9,932,108.92
"452","0x329e475ba3b347e4929850c440e5643dc1da1320","","9,849,726.766781","0.0130%","$9,846,860.50"
"453","0xdd4d06f390031ca959db5dde2fce9f7458e43afe","","9,846,071.891539","0.0130%","$9,843,206.68"
"454","0x173db023f7b2694677350f5bf7306fe66b994000","","9,821,985.600603","0.0129%","$9,819,127.40"
"455","0x2bf505a4dfe8c9bbe0a27fde93cc133347b6069b","","9,794,848.748925","0.0129%","$9,791,998.45"
"456","0x360b7ce5150a70bfc94d3540d2844e33d6adbd99","","9,792,769.180001","0.0129%","$9,789,919.48"
"457","0xd4022d7acc70094775311adf26c117a4a9148fca","","9,791,583.799521","0.0129%","$9,788,734.45"
"458","0x011c99220db1b61d535e4615710cacf158f9911f","","9,790,878.008516","0.0129%","$9,788,028.86"
"459","0xbb217bd37c6bf76c6d9a50fefc21caa8e2f2e82e","","9,779,902.456817","0.0129%","$9,777,056.51"
"460","0x429c8344c9b911e9a0a6e6ce257b28250bd3a90a","Bittrex  : Cold Wallet","9,775,788.765476","0.0129%","$9,772,944.01"
"461","0x511101683b54b1d86443af45483345eeeb605eec","","9,755,733.700725","0.0129%","$9,752,894.78"
"462","0xbdbcb0789b4d1143d391e27a0fbeb90ad205d232","","9,754,009.19","0.0129%","$9,751,170.77"
"463","0x0535155ff3d3f6e5f38c887f74be6dc3e676483e","","9,737,123.606484","0.0128%","$9,734,290.10"
"464","0x65050a14305b0c93145fc764447f0e54994b823a","","9,660,797.710804","0.0127%","$9,657,986.42"
"465","0xf28c0bde9380d7b263e4fdbaa507d89753da6aa2","","9,653,528.361142","0.0127%","$9,650,719.18"
"466","0x84aebbb8742e9e0ad0bd2ed066314f5cfada573a","","9,653,006.491488","0.0127%","$9,650,197.47"
"467","0x723745d356a1f04a69d884629d2119ae95d88da8","","9,632,749.235979","0.0127%","$9,629,946.11"
"468","0x78d9fb21b21bce314cfb76e928fdc4a62bf62921","","9,616,410.096978","0.0127%","$9,613,611.72"
"469","0x4a25dbdf9629b1782c3e2c7de3bdce41f1c7f801","Uniswap V3: USDM-USDT 2","9,613,013.665771","0.0127%","$9,610,216.28"
"470","0xcc8ac28e14ef7ca161240517bc435245200fe70e","","9,593,080.692588","0.0126%","$9,590,289.11"
"471","0x000000000004444c5dc75cb358380d2e3de08a90","Uniswap V4: Pool Manager","9,536,239.949059","0.0126%","$9,533,464.90"
"472","0x7c05fbe28eedf8aeca27cd06aaa8b08374931324","","9,513,805.989852","0.0125%","$9,511,037.47"
"473","0xbd02c51150a4ab6ce97b9de2025644594f3e75b8","","9,512,814.172202","0.0125%","$9,510,045.94"
"474","0xf60c2ea62edbfe808163751dd0d8693dcb30019c","Binance US 3","9,471,268.859622","0.0125%","$9,468,512.72"
"475","0x4472d3cb21d04b2d70591cb59ee78ac429e5dca8","","9,467,312","0.0125%","$9,464,557.01"
"476","0xaf87cd03b782eaff80014a9ec22448522b9d9bdb","","9,443,001.81","0.0124%","$9,440,253.90"
"477","0x9bc81baef5743eb49ef9ff2d19562080cb519d09","","9,370,754.533591","0.0123%","$9,368,027.64"
"478","0x006e4a8653861d01619a805dff36808e0a5f3481","","9,363,805.422263","0.0123%","$9,361,080.55"
"479","0x3297603933c150f30cb94484cd5604f7e71a5e13","","9,300,910.1766","0.0123%","$9,298,203.61"
"480","0x9a8ba5c16fc8223df664b9a212baab8ba57b3074","","9,297,754.922401","0.0123%","$9,295,049.28"
"481","0xd278a5519520e805315a84b756edd44151bbc774","","9,290,000","0.0122%","$9,287,296.61"
"482","0xc6c3f9df0f66f897b36c9f8df9f663d8eee572f5","","9,281,953.466118","0.0122%","$9,279,252.42"
"483","0x37703afe67380bf43e69ec0e9a10cfe0491f0200","","9,274,441","0.0122%","$9,271,742.14"
"484","0x6f323854495fed0d8ea0717b786f8d9cb94ec322","","9,207,176.792328","0.0121%","$9,204,497.50"
"485","0x4d49fb5866886e41fa01f42488d1eea3b78461b6","","9,155,461.671243","0.0121%","$9,152,797.43"
"486","0xe4332fd589f508fabacac3bcb0bec4b7d0e78edd","","9,143,419.045331","0.0120%","$9,140,758.31"
"487","0xb52d3fc72704c7b41043e4376c9c246435713927","","9,107,398.153171","0.0120%","$9,104,747.90"
"488","0x75ef2144e853e62a87f971188f5576c6bb401a14","","9,100,000.841834","0.0120%","$9,097,352.74"
"489","0xc512b201e96b70ba0902abab547016baa1ffc353","","9,097,658.4","0.0120%","$9,095,010.98"
"490","0x4e14e3a4ace2be9e7289e1ad428a58a5f06ba55c","","9,051,693.21576","0.0119%","$9,049,059.17"
"491","0x958a461da69442346581bb90025a3938ee7e9549","","9,021,336.283233","0.0119%","$9,018,711.07"
"492","0x6f7cb4bf7767d925236daec783c6430ba6998eb1","","9,009,538.772179","0.0119%","$9,006,917.00"
"493","0x5e84ab81abe14f5190f651007f58c6f33bdaac68","","9,006,002","0.0119%","$9,003,381.25"
"494","0x70d1946feb5ccf7edc6178ccb2f6b6b0d89384e5","","9,000,000.144201","0.0119%","$8,997,381.14"
"495","0xde4adb74a155b08ea5eb48d22701a8d1d82ee8fa","","9,000,000.0263","0.0119%","$8,997,381.03"
"496","0x78f577f45c07d9dea434e8c35db034e43eba653d","","8,999,988.642552","0.0119%","$8,997,369.65"
"497","0xf36285294dad6f3bc7d1801508376e27cc58c407","","8,999,920","0.0119%","$8,997,301.02"
"498","0xa205fd7344656c72fdc645b72faf5a3de0b3e825","Copper 5","8,885,864.21539","0.0117%","$8,883,278.43"
"499","0x79c0d8f4095f5701c8ad32f64e1473401b94a32d","","8,871,111.057371","0.0117%","$8,868,529.56"
"500","0x5ced8dc729662eab1f923b3c43bfe6bb2dcd2ae6","","8,850,000","0.0117%","$8,847,424.65"
"501","0x050e01b6d9633032a67d58b4e3c20803c31db6e9","","8,831,977.785254","0.0116%","$8,829407.68"
"502","0x367c42a6f261ec54ffbecf5f41c226be12a3dca0","Bullish 1","8,819,160","0.0116%","$8,816,593.62"
"503","0x349f4da8432a331b31ea937d5071885d85f5fca0","","8,816,454.283587","0.0116%","$8,813,888.70"
"504","0xe454f5955849e2faee5a9a9fa3e57e647c599d3e","","8,771,547.937274","0.0116%","$8,768,995.42"
"505","0xc48644bc283d8971a5045d7eb459276890f4c1f3","","8,770,951.0194","0.0116%","$8,768,398.67"
"506","0x3e40d73eb977dc6a537af587d48316fee66e9c8c","Lido: Agent","8,755,300.929692","0.0115%","$8,752,753.14"
"507","0xcab9a8391f765f6beda0b5bad434b10985bdaad0","","8,737,741.569083","0.0115%","$8,735,198.89"
"508","0x18d080b89570e4b996eb17fa1f0206f0ce35d604","Ourbit 2","8,735,267.032858","0.0115%","$8,732,725.07"
"509","0xa773b135df6265df762709492799f31d8ce00692","","8,700,830.553187","0.0115%","$8,698,298.61"
"510","0xc1f40c3b6ee16c0eb408ce9385475e3ce2f37f0c","","8,682,810.177509","0.0114%","$8,680,283.48"
"511","0xeb9478d602166d3dd9a29c7c45b1287c16ea10cc","","8,650,647.177773","0.0114%","$8,648,129.84"
"512","0x4b5f2ea4996817530c100753eb49e82b38b58cc2","","8,619,347.86422","0.0114%","$8,616,839.63"
"513","0xbbbbbbbbbb9cc5e90e3b3af64bdaf62c37eeffcb","Morpho: Morpho","8,593,283.393784","0.0113%","$8,590,782.75"
"514","0x69adbe96f7b45610aaa10fc84ef53a4709ab926e","","8,586,532.573758","0.0113%","$8,584,033.89"
"515","0xf55327a9e253a75102654ff5ff2a8bc1abe59865","","8,526,214.877771","0.0112%","$8,523,733.75"
"516","0xf497c4509db0916af197349ef2e8474c67b523a0","","8,525,398.685782","0.0112%","$8,522,917.79"
"517","0xdbdf80d997cfaaac6150cd0cec2c127fdad7a823","","8,519,949.366619","0.0112%","$8,517,470.06"
"518","0x96ac36dca5c7b2babc308b6ddd0e1bba040f4893","","8,500,000","0.0112%","$8,497,526.50"
"519","0x05cdb1526f6e224e02919a4c018d9784ea25eb3d","VALR: Hot Wallet","8,457,278.491247","0.0111%","$8,454,817.42"
"520","0x23d6c9bf9016f29abefec577ebf220a3953d4fd7","","8,443,234","0.0111%","$8,440,777.02"
"521","0x863106616773bf768510c728ff4ce01a42cf89ab","","8,438,676.79555","0.0111%","$8,436,221.14"
"522","0x012c078a5350171a97b604b9a09e1a7a2e58968b","","8,409,709.507066","0.0111%","$8,407,262.28"
"523","0x706080a156ae4b3cfe2ac0a587772e868bfcae1f","","8,397,643.528858","0.0111%","$8,395,199.81"
"524","0x0e0da2535f5c6fe052c470369d83fb53eaaa3d9f","","8,350,055.1235","0.0110%","$8,347,625.26"
"525","0x55145c221b8d18889dfb3a42bdcd9a2fa7a5b984","","8,340,052.335531","0.0110%","$8,337,625.38"
"526","0x201eec84a2992685b689849844b3bcfba3e56e85","","8,306,271.806419","0.0109%","$8,303,854.68"
"527","0xb8981d01a9106585f540016e2059ee5873518ceb","","8,302,858.445195","0.0109%","$8,300,442.31"
"528","0xd4e998881c73e0cdfa51df5da6e61233823e1137","","8,243,090.17841","0.0109%","$8,240,691.44"
"529","0x4f493b7de8aac7d55f71853688b1f7c8f0243c85","","8,233,018.972725","0.0108%","$8,230,623.16"
"530","0xf61ccb7e1a1901428d0ec5dbdfa63b991b9c4b15","","8,123,360.637388","0.0107%","$8,120,996.74"
"531","0x4445e8e2048f467151a9ec2f6c10ed247245d600","","8,118,275.280374","0.0107%","$8,115,912.86"
"532","0xa8f43a973ad1b61fe5735848f7db02ea0180c5d0","","8,116,724.852695","0.0107%","$8,114,362.89"
"533","0xb510295ca207d11313323a5c2be03ea9dc86bf70","","8,107,390.034001","0.0107%","$8,105,030.78"
"534","0x8618c586cfb6061d5a31ecd428aa6b66aa6564ce","","8,103,492.8","0.0107%","$8,101,134.68"
"535","0xf01390d612c5d5001c84e3049f364ef7f383c413","","8,099,968.63","0.0107%","$8,097,611.54"
"536","0xcbb179c4811f98f647fb0473bc6eeb2031c6ad8a","","8,089,670.448283","0.0107%","$8,087,316.35"
"537","0x9742554d01e64eb459d67b379f539102c6c268c9","","8,074,219.04707","0.0106%","$8,071,869.45"
"538","0x80a26cb40fe885b674f06f56ff7d520c17b86ba4","","8,050,738.407922","0.0106%","$8,048,395.64"
"539","0x2e1a901fbf7023931deccc822be152105cbe2db7","","8,041,668.749085","0.0106%","$8,039,328.62"
"540","0x3244609ee06ae8f403003c624314e50e6c2ac01a","","8,000,100","0.0105%","$7,997,771.97"
"541","0xeecb3bb814e507b7fabd1b0a220e2c94acf727bd","","8,000,000.150002","0.0105%","$7,997,672.15"
"542","0x5f6f0a1abf1d894a513bf6391de99b27499961ae","","8,000,000","0.0105%","$7,997,672.00"
"543","0xa327aa432fec03781549244852555fbffb68fe71","","8,000,000","0.0105%","$7,997,672.00"
"544","0xa13c4d85195709951f95477ddd2f7768c64ea8ea","","8,000,000","0.0105%","$7,997,672.00"
"545","0x355661e5e71178a545cb6284dbf444ecd4f5ace7","","7,999,990","0.0105%","$7,997,662.00"
"546","0x26aaf7491588d4ff1146523917fb196b307603c8","Alethea AI: Ecosystem Development Reserve","7,996,909.921785","0.0105%","$7,994,582.82"
"547","0x16fbb767b128189dd689f11d7c78241beec1057a","","7,985,077.192726","0.0105%","$7,982,753.54"
"548","0x6f56755d2cd3d768f56bc5109e63b432b46ebcbb","","7,982,810.573596","0.0105%","$7,980,487.58"
"549","0x8e04af7f7c76daa9ab429b1340e0327b5b835748","Fund: 0x8e0...748","7,972,330.370919","0.0105%","$7,970,010.42"
"550","0xc72a5e5b9384cbb9182036893ae39229068b2b6e","","7,969,812.709233","0.0105%","$7,967,493.49"
"551","0x974caa59e49682cda0ad2bbe82983419a2ecc400","Stake.com","7,968,452.802478","0.0105%","$7,96,133.98"
"552","0xbcb001cd95744a89ace8d72fbefe228f3da01600","","7,967,902","0.0105%","$7,965,583.34"
"553","0x1e12104895d62c8669964f97b90f113c7d2d41b2","","7,965,000","0.0105%","$7,962,682.19"
"554","0x0e6c3101ddf7c6b9e2bdfefe77cf422c55bf5348","","7,944,401.34","0.0105%","$7,942,089.52"
"555","0x6e711c5afa11c3aa65d726b14393f99eec3781f9","","7,942,280.056418","0.0105%","$7,939,968.85"
"556","0x1c4c7fa20d4d749c43314a9d87e2cca2b958c3ab","","7,900,000.01","0.0104%","$7,897,701.11"
"557","0x74e075bbfe5abb9385cde0ea161d9e5ca12c7782","","7,896,675.394623","0.0104%","$7,894,377.46"
"558","0xcb7b794c86a5412174636a507a4059f7763f8f52","","7,885,504.552521","0.0104%","$7,883,209.87"
"559","0xbbac95eb1c9b7646a34e7a47a387cf273f2c9121","","7,881,996.89012","0.0104%","$7,879,703.23"
"560","0xe5d3a069ac78c5b3ee774bd2c93340cd19f56956","","7,856,408.077241","0.0104%","$7,854,121.86"
"561","0xeddfe1c5868925531866ab157f9287daa1b4caae","","7,832,924.159876","0.0103%","$7,830,644.78"
"562","0x289dcf2f2f76108d40e646f14086d376ce48a444","","7,825,063","0.0103%","$7,822,785.91"
"563","0x8266d5d5ed5576291e95b88bf260ae12de36ed66","","7,820,000.265135","0.0103%","$7,817,724.65"
"564","0x30c9b3a7be38c2e3d5f7d2379e3e652fb6464d59","","7,800,000","0.0103%","$7,797,730.20"
"565","0x293aa6f08a7820d97cd17d0ca7941141767d1a9b","","7,701,359.820406","0.0101%","$7,699,118.72"
"566","0x7d8ef55bf5ce7b79b70c4caf9f3ebbd16c5ae62a","","7,690,100","0.0101%","$7,687,862.18"
"567","0xa6bccfd21c5b23965c5f31d70fcef17b83b9c04a","","7,626,178","0.0100%","$7,623,958.78"
"568","0xa4a6752e1e964f06d546483f12098bc4794f96ba","","7,620,739.293202","0.0100%","$7,618,521.66"
"569","0xe280d66529e180496303e80e202d01c94f981631","","7,617,454.988405","0.0100%","$7,615,238.31"
"570","0x2347af993f63b1d22a40febcaeee9f6b026485d6","","7,608,810.09","0.0100%","$7,606,595.93"
"571","0x51278e119ba326f99f00e435e8871855a9374ac2","","7,604,943","0.0100%","$7,602,729.96"
"572","0x0e5c906c51b635d5745d09e856831bed7df8288d","","7,577,661.762341","0.0100%","$7,575,456.66"
"573","0xc3dcd744db3f114f0edf03682b807b78a227bf74","","7,551,009.716549","0.0100%","$7,548,812.37"
"574","0xdb80e12b8bfce183d06b865372ba66f1d224ff9d","","7,532,901.386001","0.0099%","$7,530,709.31"
"575","0x48e0f5cb705e440d1c4ec134e4a0c95b24920565","","7,518,755.5529","0.0099%","$7,516,567.60"
"576","0x82ef9f7c12d27319bd260a05f6442475b33936d0","","7,515,935.360601","0.0099%","$7,513,748.22"
"577","0xb9969e2f404fc703154109ec6773e0122620ed2d","","7,512,419.867207","0.0099%","$7,510,233.75"
"578","0xf13a266d9899ef08e9b1baf972f8a7b7c5317869","","7,506,707.422476","0.0099%","$7,504,522.97"
"579","0xd48a268f9fdc7f2e9230c044990b4dfb0608f0fa","","7,501,991.70374","0.0099%","$7,499,808.62"
"580","0x69bd1dd9df99be1061ab0c2a46905d2a61ff67e1","","7,496,923.21","0.0099%","$7,494,741.61"
"581","0x22b316e8e62a04770e7b72b716278d6481f9e56b","","7,493,436","0.0099%","$7,491,255.41"
"582","0x8e9ee90cca3b3d7b0254cd2dd597fa63f39c7e8b","","7,481,649.0163","0.0099%","$7,479,471.86"
"583","0x878fafac9f73e2d9eb5b00667341daa253d8ad09","","7,477,409.639306","0.0099%","$7,475,233.71"
"584","0xd8a791fe2be73eb6e6cf1eb0cb3f36adc9b3f8f9","Scroll: L1 Standard ERC20 Gateway Proxy","7,474,035.187993","0.0098%","$7,471,860.24"
"585","0x6e76d288de3d201c8c32383e8752f0f9d2e3b777","","7,465,966.05","0.0098%","$7,463,793.45"
"586","0x5f06c5ee0cae283647a67226273af8ba4ae314a7","","7,464,979.646265","0.0098%","$7,462,807.34"
"587","0xedc795af7b513705f7b4ca52fb36356863a0e876","","7,450,000","0.0098%","$7,447,832.05"
"588","0x800c028aa93a62b8d91a991b0ad434efb7262f13","","7,424,354.490724","0.0098%","$7,422,194.00"
"589","0x5339a623c5b5e780c1b4f0d5080c50cc0b8b18d1","","7,420,442","0.0098%","$7,418,282.65"
"590","0xb3e531f3ab4ceca3e8d821ce6c6b6eb6e1a8b7e4","","7,408,396.98485","0.0098%","$7,406,241.14"
"591","0x631d7208bcc80ba88cc6ad06f8c410b141788e10","","7,350,534.6559","0.0097%","$7,348,395.65"
"592","0x52cfa98fb7339f6e2e70f2f68acbb7b7dcebe46a","","7,327,443.418107","0.0097%","$7,325,311.13"
"593","0xfd1e88655c6f4eab0f8dc1cf9f9fef527de3590a","","7,288,455.053011","0.0096%","$7,286,334.11"
"594","0x980e667b4490eece305e2c47199bde9addcd4a65","","7,202,781.47","0.0095%","$7,200,685.46"
"595","0x754cb42bf356a76963c7fa2f3c29f70934286310","","7,193,595.94901","0.0095%","$7,191,502.61"
"596","0x456b2b26044fc81243deece469c25994168a26ac","","7,167,023.043356","0.0094%","$7,164,937.44"
"597","0x3d1d8a1d418220fd53c18744d44c182c46f47468","Bitkub: Hot Wallet 2","7,163,362.712926","0.0094%","$7,161,278.17"
"598","0x584e412c5bc26759fe1785f7f3177e0f1e76450d","","7,155,118","0.0094%","$7,153,035.86"
"599","0x11051b997baabb5d4ba47d951af5e33b29d5fc7d","","7,129,731.8151","0.0094%","$7,127,657.06"
"600","0x1ddef182910bae1a46c6727ecca5fa5c21eed1e5","","7,052,368.114346","0.0093%","$7,050,315.88"
"601","0x7018995a0c315b62430c12e33accea863220db44","","7,044,687.718016","0.0093%","$7,042,637.71
"602","0x40fc31df8220849269cc4a828a7cf2065b29c13a","","7,039,886.032015","0.0093%","$7,037,837.43"
"603","0xa01aa2196724a39290f465b3925e5dcafe7f2256","Bitso 4","7,002,572.535256","0.0092%","$7,000,534.79"
"604","0x9df3d36dacb4a6d35d3cba76d7e12efd615ac284","","7,000,000","0.0092%","$6,997,963.00"
"605","0x19b91796478c3dde9053167f6d661933d7db690e","","7,000,000","0.0092%","$6,997,963.00"
"606","0xa1a8836103c6a8a79a685cec530044f26691c5ca","","6,954,086","0.0092%","$6,952,062.36"
"607","0x9a5f06e633b226a12a9ec0445641152a3ebf1ac5","","6,931,756.750332","0.0091%","$6,929,739.61"
"608","0xd92f794cbb77a3eb881e0987ddc5626b141f8cf4","","6,921,996.54","0.0091%","$6,919,982.24"
"609","0x100ae042ef0ea159ecc3513e9a378ff21f3829ba","Bullish 2","6,912,299.964389","0.0091%","$6,910,288.49"
"610","0x04326f7465bd4aadfe443a6441c62da863a3bd5b","","6,908,932.111017","0.0091%","$6,906,921.61"
"611","0x2b17e86534a5e0beaf146c4ef932fdd2cd239c86","","6,900,577.368332","0.0091%","$6,898,569.30"
"612","0xf60dc2b5079abde7d4cc0cc1920f184dc9dc4907","","6,899,998.773511","0.0091%","$6,897,990.87"
"613","0x6f5b67a64f79a026f8ed4771a0d5e68f16c17d71","","6,888,081.276958","0.0091%","$6,886,076.85"
"614","0x8500ea8a5d8c46304b6dd87fa4ed8fc3183023e0","","6,849,019.056401","0.0090%","$6,847,025.99"
"615","0xc6cd9bd61d3036c4baee2ea9b1d49cb2c76f7804","","6,842,377.684081","0.0090%","$6,840,386.55"
"616","0x0bcfc65420f635d58dd8e7f67f9e68137fe3fc06","","6,833,412.972969","0.0090%","$6,831,424.45"
"617","0x9afef238374a0b1e997148036f72eff0002d8fc7","","6,831,756.639654","0.0090%","$6,829,768.60"
"618","0xd2f1e82f73983cb8f2d4c739c9c7a8ef8aae47c6","","6,823,000","0.0090%","$6,821,014.51"
"619","0x1c9c124fed1ef76783cf06644cbd8f3cf7a02107","","6,815,470.86883","0.0090%","$6,813,487.57"
"620","0x7af5277d82dba8f728968037aa75538bf6bcc70b","","6,810,477.88","0.0090%","$6,808,496.03"
"621","0xd364ca3d230e231b2b28ae8f4e8db31bddd6131f","","6,778,396.71464","0.0089%","$6,776,424.20"
"622","0xebcd92cfa79156a68c3088a6e191af6858e261d7","","6,752,773","0.0089%","$6,750,807.94"
"623","0x83b572f0e94f64c8df528b20fc5fe208b7f7468e","","6,740,204.259733","0.0089%","$6,738,242.86"
"624","0x74fd11c752edf22dc9e01c718038e45debbde9ad","","6,730,498.842566","0.0089%","$6,728,540.27"
"625","0x0817954f45623406c8b7223e50865f79b3849f71","","6,701,317.399899","0.0088%","$6,699,367.32"
"626","0xa6fbe3a6d5b8237fc8d1f91a2f852f77e2a8591c","","6,648,917.749369","0.0088%","$6,646,982.91"
"627","0xdaab0fe414e1deb64ff5c11b2e854547d603a2ba","","6,644,641.01001","0.0088%","$6,642,707.42"
"628","0xada2da934a34bb3bbadee7ae361c110ecb30c6e2","","6,628,768.22861","0.0087%","$6,626,839.26"
"629","0xc60906440f4472f73dab62d5a90b21a1a57d65b0","","6,600,565.984301","0.0087%","$6,598,645.22"
"630","0x50457d02db68848b8114ceef9a774d958256838a","","6,599,060.10475","0.0087%","$6,597,139.78"
"631","0xb9de3f5eb576d46456b44d0a27e2e8b7788a3177","","6,585,000","0.0087%","$6,583,083.77"
"632","0x508d28fe62fb06cfc23aef6fadaefaf2e7e2e2ab","","6,566,964","0.0087%","$6,565,053.01"
"633","0xb25d2f6a028e28e5c8aa0ac50aed121e84520f8e","","6,560,094.778818","0.0086%","$6,558,185.79"
"634","0xfd44d46c3e785e10fdd1016c5ab28665e931c7c1","","6,553,026","0.0086%","$6,551,119.07"
"635","0x38a77fe5cebfdc60b787a053ef48c43ae08ce99b","","6,550,120.809455","0.0086%","$6,548,214.72"
"636","0x4d437e26b9f1b8b839262f1f126ee0882d2ba170","","6,514,487.338794","0.0086%","$6,512,591.62"
"637","0x6b025419bb032cb6eaeff044ff37f3e75af2e40a","","6,500,000","0.0086%","$6,498,108.50"
"638","0x9a8acff37a76aacd629eb95162bdcaae9bc1533f","","6,476,083.305855","0.0085%","$6,474,198.77"
"639","0xbebf2377db2a187f248fc20bb0fa116ef2ff9016","","6,475,898.93","0.0085%","$6,474,014.44"
"640","0x298d04a8b95bdc0ab04d87def5a7c783e9905de1","","6,471,946.751737","0.0085%","$6,470,063.42"
"641","0x3ae5179ec83c0605dd1a00fc38827bcf70455fd9","","6,470,393.701446","0.0085%","$6,468,510.82"
"642","0xf5c757885bc82384dac6f9d4f170e82a35ba3b8c","","6,470,108","0.0085%","$6,468,225.20"
"643","0xe04c2f9e43b5e7d5be813b7a39cbbc1fe359e2ac","","6,457,006.79702","0.0085%","$6,455,127.81"
"644","0xe8016fc97c0349ce5ea1cf5f0ec94b8e8125c954","","6,439,386.68055","0.0085%","$6,437,512.82"
"645","0xa9eff7ff7d791825eb5218c9e489b06f42175346","","6,439,016.933637","0.0085%","$6,437,143.18"
"646","0xe30c375cf73fe2ca98a0ac43409ffa7a4683fe16","","6,435,522.480395","0.0085%","$6,433,649.74"
"647","0x2eeafbac331ca88b1983b7d9f888c5437c6bf217","","6,414,653.502688","0.0085%","$6,412,786.84"
"648","0x42b731c272a13e12b825363f6e58930ebb98d73c","","6,402,073.049436","0.0084%","$6,400,210.05"
"649","0xd7712fcb1264f94f51335945579af9ec576f9da3","","6,399,771.555497","0.0084%","$6,397,909.22"
"650","0x8d80d7fb42e745974e1aab63fe8470b1e44a7439","","6,382,067.017205","0.0084%","$6,380,209.84"
"651","0x2d1ee994f9046aa23c0ca749110bc98756427da9","","6,377,743.0207","0.0084%","$6,375,887.10
"652","0x0831cc694edcd0690af10365b0b9b742a9e9205f","","6,376,845.051535","0.0084%","$6,374,989.39"
"653","0xc64ffabb08a4fc853b2b154faf424493623c5867","","6,363,708.28","0.0084%","$6,361,856.44"
"654","0xc812bc945f7a9b347dddd6e2e829b7ec3f40e25e","","6,323,671.144604","0.0083%","$6,321,830.96"
"655","0x957e625b20c057e77c06e3d6ab1e6d66f4797516","","6,318,215.74691","0.0083%","$6,316,377.15"
"656","0x65c4b6feda69f8f846c7fb1f5eaaacdeeabecea9","","6,312,608.805724","0.0083%","$6,310,771.84"
"657","0x5103518bb2b45ecf4b1de9f849609c022637de3f","","6,310,209.121122","0.0083%","$6,308,372.85"
"658","0x3b95bc951ee0f553ba487327278cac44f29715e5","Manta Pacific: Bridge","6,305,999.734475","0.0083%","$6,304,164.69"
"659","0x0203a8c3b93a912568c16db2ed99f682ab1ce171","","6,305,731.422803","0.0083%","$6,303,896.45"
"660","0x46fbaa337b64f7d9cefc49240411cf95e362e50c","","6,305,560","0.0083%","$6,303,725.08"
"661","0x1a2e64b8a1977bf018850b377020bc33eaaac3c9","","6,292,036.3428","0.0083%","$6,290,205.36"
"662","0xea0bb69172afa3a21d2687226279a9f973909b5c","","6,290,799.43401","0.0083%","$6,288,968.81"
"663","0xd518c3159a4b162f52a0e4dd13d5245f45960bc8","","6,290,000","0.0083%","$6,288,169.61"
"664","0x06efed0d99f5d4f67a1eaf5bde9e8d8f6855570d","","6,289,899.493956","0.0083%","$6,288,069.13"
"665","0xad7ac2913636b93311856ab4e1c2afc00e0a8942","","6,271,968.406202","0.0083%","$6,270,143.26"
"666","0x20e00cfe61aa89e341895530195bf500c6a7a6e1","","6,268,300.869237","0.0083%","$6,266,476.79"
"667","0x177b1ac80014084bc91978646d9c9614a535f50b","","6,255,377.835109","0.0082%","$6,253,557.52"
"668","0x1e56d4f6fa0c2823464856576d9429d81a075fb5","","6,247,648.580505","0.0082%","$6,245,830.51"
"669","0xb4af777693f8637ab98fc14e6b9c0af8db5d0771","","6,228,999.91942","0.0082%","$6,227,187.28"
"670","0xa12903d576e44fc12dd5d4a4d8a61def753ab70a","","6,220,101","0.0082%","$6,218,290.95"
"671","0x99b0193c4709efe9ab78beec194bfa1e7a7f3a71","","6,202,621.741907","0.0082%","$6,200,816.78"
"672","0x3753537e2e44df9450b10f68b8fabfd191be40d7","","6,181,229.0805","0.0081%","$6,179,430.34"
"673","0x3a5cc8689d1b0cef2c317bc5c0ad6ce88b27d597","BitGo: MultiSig 2","6,175,981.461506","0.0081%","$6,174,184.25"
"674","0xfcedfaab496e4313bd0c9f554f0070bef20be007","","6,175,883.649493","0.0081%","$6,174,086.47"
"675","0xee5b5b923ffce93a870b3104b7ca09c3db80047a","Bybit: Hot Wallet 4","6,139,974.65401","0.0081%","$6,138,187.92"
"676","0x6f4565c9d673dbdd379aba0b13f8088d1af3bb0c","","6,139,380","0.0081%","$6,137,593.44"
"677","0xb168247cfb27a33631dde6621878baa695565d0b","","6,127,032.724976","0.0081%","$6,125,249.76"
"678","0x2ad495ef487135758779775c1056ff6cc7438a26","","6,100,000","0.0080%","$6,098,224.90"
"679","0x2fdb319133450d42ff5c3c98e5de66d55a9799f1","","6,089,678.567","0.0080%","$6,087,906.47"
"680","0x82b3e30d22ac5a9002e9f30f15429e9617f06ee6","","6,083,826.218376","0.0080%","$6,082,055.82"
"681","0xb8ae89a8496a98d80e50ee5c6205f05ed1f699c7","","6,076,339.706516","0.0080%","$6,074,571.49"
"682","0xe4bd4208437c358e5ae7b19707ec72f6e6c1bad6","","6,059,660.906691","0.0080%","$6,057,897.55"
"683","0x349338849108fa979c5fa50d6418056244968832","","6,050,980.059","0.0080%","$6,049,219.22"
"684","0xa9450010c352957a0186fc8f4af720ae90476967","","6,039,080.526071","0.0080%","$6,037,323.15"
"685","0x254a686febbf07e74e6edd5786ae93aa0be69f15","","6,017,019.811136","0.0079%","$6,015,268.86"
"686","0x8e8cd11ce4d21dc4d98e615e624c647a696b9349","","6,005,932.793885","0.0079%","$6,004,185.07"
"687","0x038a5cb483be54d46141978150fba24043897696","","6,001,110.444802","0.0079%","$5,999,364.12"
"688","0xce1955b1a84104c97ce3c819ae6337572dc17960","","6,000,088","0.0079%","$5,998,341.97"
"689","0x4f4785edb76ec4a7a1d30ac5a7442e391918ffde","","6,000,008.328583","0.0079%","$5,998,262.33"
"690","0x2702ee2bf156767a63ac049aadb3b858bbebb373","","6,000,000.421413","0.0079%","$5,998,254.42"
"691","0xc16d02908ffe977bfd4286f3cfcc3eaa44e480a2","","6,000,000.170295","0.0079%","$5,998,254.17"
"692","0xa936b609e0f3c1c7846ec902cb0e44df18764a88","","6,000,000.150078","0.0079%","$5,998,254.15"
"693","0x163b445b01d32cdb8462f31a81fb27f36db7b4b5","","6,000,000","0.0079%","$5,998,254.00"
"694","0xec0b9ebf2a304c99cafe85c548c14dd7783cb078","","6,000,000","0.0079%","$5,998,254.00"
"695","0x623d5a267930d1173400b9695ba5e1ad255ea17c","","6,000,000","0.0079%","$5,998,254.00"
"696","0xa586e3486c1501a14201d7c97debff21167831f0","","6,000,000","0.0079%","$5,998,254.00"
"697","0x206fd372fb5b05469fcbe07001bff4b94558ddae","","6,000,000","0.0079%","$5,998,254.00"
"698","0x1d95c6ea073f99734c91908252da8b9f0d5da6be","","5,999,970.005982","0.0079%","$5,998,224.01"
"699","0x877a6d2b9ac5e52f8d961de040cdf09e789ece19","","5,997,250","0.0079%","$5,995,504.80"
"700","0x208c4ff00a0d0f8f318f626331c780ee7bac9960","","5,996,576","0.0079%","$5,994,831.00"
"701","0xfcedd73c27e37fe6e2a9877327b116319872f156","","5,977,257.574308","0.0079%","$5,975518.19"
"702","0x0c8bf83aa50ee388a1e7e736a8a91bd972caa839","","5,958,025.531706","0.0079%","$5,956,291.75"
"703","0xda41ae8ddb673f4bd9a5b0bf8ab9d8d577ad9ef2","","5,952,279.13632","0.0078%","$5,950,547.02"
"704","0x2173e147cd1ff07901626bece5e1aaf79aeb4715","","5,950,010","0.0078%","$5,948,278.55"
"705","0x6b2918405679174d4c20ea86662c05da6b9675b7","","5,945,940.460099","0.0078%","$5,944,210.19"
"706","0xcb31beb04c3d763a63cc6d5a0d1085cc4d252168","","5,935,491.297457","0.0078%","$5,933,764.07"
"707","0x051f1d88f0af5763fb888ec4378b4d8b29ea3319","","5,920,664.491364","0.0078%","$5,918,941.58"
"708","0x6f2c944f6e3f360ab26c08f950c90f74a77362c5","","5,919,965.336","0.0078%","$5,918,242.63"
"709","0xe61dd9ca7364225afbfb79e15ad33864424e6ae4","","5,907,472.339985","0.0078%","$5,905,753.27"
"710","0xd7d700e610c0b34682457afc136355c9a8cb47e0","","5,905,311.257986","0.0078%","$5,903,592.81"
"711","0x3e7e6c3d084879837310d26b30e52d4b56a8c2f4","","5,900,000.024099","0.0078%","$5,898,283.12"
"712","0x163907a71f55c2d29cdc4e36cadd0f09847d4fe1","","5,892,590.69151","0.0078%","$5,890,875.95"
"713","0x7401559a15be55c7688790cb420f4af071f45adf","","5,888,087.639873","0.0078%","$5,886,374.21"
"714","0x815dc9636d8c7841666556ab7d34d6e53fa4a24b","","5,874,724.6569","0.0077%","$5,873,015.11"
"715","0xab8fbcef49cdeadeaa1ac7d0a85cef93d2af3fec","","5,853,482.161333","0.0077%","$5,851,778.80"
"716","0xae98925da7a537eef5eb38efdbecf77257739cfb","","5,850,793.697596","0.0077%","$5,849,091.12"
"717","0xe00c629afaccb0510995a2b95560e446a24c85b9","","5,832,411.236271","0.0077%","$5,830,714.00"
"718","0x91dca37856240e5e1906222ec79278b16420dc92","Indodax 3","5,828,653.609189","0.0077%","$5,826,957.47"
"719","0x8cc4a4de7e6774c332a7b16f4e6c5d5ce5a1768a","","5,821,006","0.0077%","$5,819,312.09"
"720","0x9b171d5cbe1c5aef69e1eac7dd1614ee0240d14f","","5,819,146.184372","0.0077%","$5,817,452.81"
"721","0x47aa3dc77c5394ce6ff9308958730d085c54ac0d","","5,810,452","0.0077%","$5,808,761.16"
"722","0x5e77eff138efbfa80c8a53d763af47a0c9cd894f","","5,801,345","0.0076%","$5,799,656.81"
"723","0x44b4a66b7ce6072f5ba8bce740e62a46c64e9ad4","","5,789,250.1875","0.0076%","$5,787,565.52"
"724","0x1715a3e4a142d8b698131108995174f37aeba10d","PulseChain: Omnibridge Proxy","5,782,502.696855","0.0076%","$5,780,819.99"
"725","0xd236c2fd46983bdfad2f068d8e656f88c83611a9","","5,775,992.6826","0.0076%","$5,774,311.87"
"726","0x436ce138fd61efe297069e312bee28bf41b696b9","","5,760,291.8","0.0076%","$5,758,615.56"
"727","0x7bc8f0109067ee13c12cecd2bf4f14683cb9255e","","5,752,000","0.0076%","$5,750,326.17"
"728","0x11bc3b9575125f106946b4e88f13da5862f4e496","","5,743,915.482934","0.0076%","$5,742,244.00"
"729","0x9597ba0a68664f2b61a1d8013578d481486faf22","","5,726,098.025504","0.0075%","$5,724,431.73"
"730","0x41193e58af8edf0b791eb018185fab8927b98d4b","","5,702,815.040773","0.0075%","$5,701,155.52"
"731","0x558b40659c1e69eb1ab3377a612dc46e329390a3","","5,684,138.15","0.0075%","$5,682,484.07"
"732","0xfa426aac267738fcb14e30e516a72669b04699ac","","5,683,089.386357","0.0075%","$5,681,435.61"
"733","0xe3d1143fccc957186b013fec87c492c31fb15e14","","5,680,262.5","0.0075%","$5,678,609.54"
"734","0x1f3bc47213db0f07d7d5f3e4e3a43634a32544ae","","5,655,267.225011","0.0075%","$5,653,621.54"
"735","0xa1e2481a9cd0cb0447eeb1cbc26f1b3fff3bec20","","5,638,702.523546","0.0074%","$5,637,061.66"
"736","0xaf4adefd446cdbfe88c614ea9b364f5e7d27fe1c","","5,621,529.651868","0.0074%","$5,619,893.79"
"737","0xa9c750e84723dc3688b80f9136db08091a86b95d","","5,608,898.823103","0.0074%","$5,607,266.63"
"738","0x713120fa617b3e2c69ee2fd05706fa588ebc2e1d","","5,606,063.55","0.0074%","$5,604,432.19"
"739","0x74a376edd7e4cb469c5d8868b528b89a4c1a935d","","5,600,000.213099","0.0074%","$5,598,370.61"
"740","0x94c4202d8a1e5502a3e1f43f8ce425b72df94017","","5,592,393","0.0074%","$5,590,765.61"
"741","0xdc9f856fe58a8deffaa54c24b6dbb6ddfc3faa5b","","5,591,000","0.0074%","$5,589,373.02"
"742","0xcccfdb6917473f1f8c07d8b5ae12f68b11bb32f5","","5,584,000.2712","0.0074%","$5,582,375.33"
"743","0xd8e8c23c6e0dbe930fc2a9988175ade4e32f66da","","5,574,623.613079","0.0073%","$5,573,001.40"
"744","0x6952a5747406b92f16d9ea37bbd2b520d636e5e5","","5,566,438.687192","0.0073%","$5,564,818.85"
"745","0xdc65658b9ab3c2ed7401c5ce3147283bd7e2704f","","5,566,022.164208","0.0073%","$5,564,402.45"
"746","0x92ea7496eba5f001d620005f88f3e8e686e3d4ea","","5,562,067.001951","0.0073%","$5,560,448.44"
"747","0x9684561930f6649f82590fe8bdb68321dc0e3ae1","","5,559,936.706697","0.0073%","$5,558,318.77"
"748","0x326d9f47ba49bbaac279172634827483af70a601","","5,550,000","0.0073%","$5,548,384.95"
"749","0xbfd189dee46ad410ab65e362da3ad17929a0018c","","5,544,357.102344","0.0073%","$5,542,743.69"
"750","0x051acf8d69a18d6a6e4dd063b39501e69704ac50","Independent Reserve: Hot Wallet 2","5,534,476.959481","0.0073%","$5,532,866.43"
"751","0x9ab5b1fc76ef417240a59076189cb956446c4db1","","5,532,929.71","0.0073%","$5,531,319.63
"752","0xdd23a9212eefab083e82d6713f5d8994fcbd6b09","","5,529,989.160407","0.0073%","$5,528,379.93"
"753","0x73417df8be25411036e0339e67475308aef44c1f","","5,524,515.077845","0.0073%","$5,522,907.44"
"754","0xec59ab3a6dff3920897d0b6b0d852491fcefd09e","","5,522,554.931665","0.0073%","$5,520,947.87"
"755","0x4da4b734e15aa18598b809c995f26ade38bb8694","","5,515,566.851994","0.0073%","$5,513,961.82"
"756","0x567a5374799c6cf8d5cd2eda963d6b67050d9b03","","5,500,088.130611","0.0072%","$5,498,487.60"
"757","0xf8728e5bb0c89a83efbd67c0f59004cc0fcdf9e5","","5,500,000","0.0072%","$5,498,399.50"
"758","0xb90ac9c43bdce8aedcbb03b23c6247e97995ba0b","","5,497,077.889654","0.0072%","$5,495,478.24"
"759","0xef8801eaf234ff82801821ffe2d78d60a0237f97","Rollbit: ERC-20 Hot Wallet","5,493,949.380385","0.0072%","$5,492,350.64"
"760","0xc7692847eb0d15a665f5b3421de3cccf16ba7dde","","5,448,043.561914","0.0072%","$5,446,458.18"
"761","0xa7be6ac3bc2d7637dd636713ebb6c42ff8737314","","5,446,674.757502","0.0072%","$5,445,089.78"
"762","0x0ee52446077403a68b5c40bd679488f8c96e2396","","5,419,609.444319","0.0071%","$5,418,032.34"
"763","0xf4bd3b614306fe8e056f93b2383be7f3ff1496eb","","5,410,094.194439","0.0071%","$5,408,519.86"
"764","0x3b54845a759dd76011bab3197c1f5cf7b2bc7dc6","","5,406,672.926594","0.0071%","$5,405,099.58"
"765","0x0bf3c06f8354f4f9b562989ff64367dee648b9a2","","5,398,063.11","0.0071%","$5,396,492.27"
"766","0xc055de577ce2039e6d35621e3a885df9bb304ab9","","5,396,764.319192","0.0071%","$5,395,193.86"
"767","0x6090bea89b4cf2315265d32f6f2aebbe45e94006","","5,380,527.25","0.0071%","$5,378,961.52"
"768","0x1a72266e523b52f41b4bb8344062a1a0a0723324","","5,375,094.33","0.0071%","$5,373,530.18"
"769","0x8badd872c6ab1ce60a659449b0cd8043ac789b2f","","5,358,243.869904","0.0071%","$5,356,684.62"
"770","0xaf64555ddd61fcf7d094824dd9b4ebea165afc5b","Copper 3","5,322,311.952616","0.0070%","$5,320,763.16"
"771","0xb623f0557cb372d2dc9eed9363150d65925a0543","","5,319,826.04","0.0070%","$5,318,277.97"
"772","0x98d2f314405776a280456e7d508ca39bd4457a12","","5,311,878","0.0070%","$5,310,332.24"
"773","0x41db44d3d72baba6a681c4b5fa0196ac6a749888","","5,309,895.851312","0.0070%","$5,308,350.67"
"774","0xce7a2567027f9ca58678cd79b25199a9190a6a87","","5,300,060.065142","0.0070%","$5,298,517.75"
"775","0xa8f8de6858b9ed6da074ecefdcce6df0af90f4af","","5,285,590.032524","0.0070%","$5,284,051.93"
"776","0x9fa1f17a0685feb832884e6da81cde930a5e2714","","5,275,123.78","0.0070%","$5,273,588.72"
"777","0x48da0965ab2d2cbf1c17c09cfb5cbe67ad5b1406","Uniswap V3: DAI-USDT 3","5,268,892.546723","0.0069%","$5,267,359.30"
"778","0xd37bbe5744d730a1d98d8dc97c42f0ca46ad7146","THORChain: THORChain Router v4.1.1","5,268,715.493264","0.0069%","$5,267,182.30"
"779","0x7913e50983f0ce6c2ce54aa873db0a87f87486ea","","5,259,969","0.0069%","$5,258,438.35"
"780","0xdf5847e5cbb1f37d505d804b2ceadf0a81970d75","","5,258,867.345895","0.0069%","$5,257,337.02"
"781","0x02fb254fddc7520b36faae6d977f6fb48f05d8be","","5,251,204.571631","0.0069%","$5,249,676.47"
"782","0xec554417cb64c7433bb2f84a46b9ad633dd457c6","","5,250,536.269385","0.0069%","$5,249,008.36"
"783","0xf5f5b97624542d72a9e06f04804bf81baa15e2b4","Curve.fi: crvUSDTWBTCWETH Token","5,232,813.355973","0.0069%","$5,231,290.61"
"784","0xbb5391a822d32117de70a407945e23d65d8c2cbf","","5,224,245.48869","0.0069%","$5,222,725.23"
"785","0x2a1b32518d7d9dc0af40a5e3731982d2e7d74a87","","5,221,920.144388","0.0069%","$5,220,400.57"
"786","0x47bd184e6483d21e474bfaf48bb6f43090c73194","","5,219,712.591728","0.0069%","$5,218,193.66"
"787","0xd811b63d40bd67543228aee29d54b073a68e777f","","5,219,572.671544","0.0069%","$5,218,053.78"
"788","0x7a1cf8ce543f4838c964fb14d403cc6ed0bdbacc","","5,199,998.441","0.0069%","$5,198,485.24"
"789","0x0d4a11d5eeaac28ec3f61d100daf4d40471f1852","Uniswap V2: USDT","5,191,286.100504","0.0068%","$5,189,775.44"
"790","0x89bf2dab6cd10796e9cc86ab9a57d20b9bcd7755","","5,189,774.983355","0.0068%","$5,188,264.76"
"791","0x76aa6b335e2ed32004775bddfdf6d90c3d2f9f4f","","5,189,383.082051","0.0068%","$5,187,872.97"
"792","0x227fa6a3b9751641d81b6686fde446b51e2dc1ec","","5,160,976.330142","0.0068%","$5,159,474.49"
"793","0xb64ce007c38076308d6fc9d3cda81384bdb0df10","","5,159,659.43","0.0068%","$5,158,157.97"
"794","0xcd1160ec92ac5cb3865c000be5daba2f32e60705","","5,158,895","0.0068%","$5,157,393.76"
"795","0xa690621b1d2f8cc06de2de11e4cf69935f82655a","LBank: Hot Wallet 6","5,155,698.621207","0.0068%","$5,154,198.31"
"796","0xa26148ae51fa8e787df319c04137602cc018b521","","5,137,764.025499","0.0068%","$5,136,268.94"
"797","0xcc8748bb89b1f85237d8cc1d935fcd9661b7944d","","5,127,957.27899","0.0068%","$5,126,465.04"
"798","0x13ce1c414872d4dbdc92374d071dabb06d84e4d0","","5,123,112.225891","0.0068%","$5,121,621.40"
"799","0x58a8109c2e78271bfba6a735cb9c3f3afe85309d","","5,115,051.126523","0.0067%","$5,113,562.65"
"800","0x2f7cb6ccbee0a876bb904e2c99e319b78082042c","","5,108,840.48","0.0067%","$5,107,353.81"  
"801","0x23ddd3e3692d1861ed57ede224608875809e127f","Near: Rainbow Bridge","5,101,206.525276","00067%","$5,099,722.07"
"802","0xbf037bb65037731ec3222118b9622c5f50579ff7","","5,098,230.19073","0.0067%","$5,096,746.61"
"803","0xa69babef1ca67a37ffaf7a485dfff3382056e78c","MEV Bot: 0xA69...78C","5,092,447.140935","0.0067%","$5,090,965.24"
"804","0x5e6b92e15ac956137f1ef4a73b6474ca3b07237e","","5,083,530.894719","0.0067%","$5,082,051.59"
"805","0x9e0bbc0d7b9e81e02f7718cc61f632c7faa90d6b","","5,076,618.312919","0.0067%","$5,075,141.02"
"806","0xba5e35e26ae59c7aea6f029b68c6460de2d13eb6","","5,062,930.24079","0.0067%","$5,061,456.93"
"807","0x06615c914e96cac67c901736c6cc650469549068","","5,051,992","0.0067%","$5,050,521.87"
"808","0x4781cdcf9da503e359c350231a637a775b819e38","","5,049,787.000409","0.0067%","$5,048,317.51"
"809","0xa743cc561ff68a4fdb7bfaec126969416a14814f","","5,049,519.49653","0.0067%","$5,048,050.09"
"810","0x699e04f98de2fc395a7dcbf36b48ec837a976490","","5,049,255.041034","0.0067%","$5,047,785.71"
"811","0xfaae2946e846133af314d1df13684c89fa7d83dd","","5,037,234.928332","0.0066%","$5,035,769.09"
"812","0x6e7ca42ebf111462613afa268e4793595a593f44","","5,035,889.317903","0.0066%","$5,034,423.87"
"813","0xa03400e098f4421b34a3a44a1b4e571419517687","HTX 52","5,032,373.06713","0.0066%","$5,030,908.65"
"814","0xe13b1a0c611ffdb8655e6875a02e317d7771fddd","","5,031,279.137015","0.0066%","$5,029,815.03"
"815","0xdbd03d676e1cf3c3b656972f88ed21784372acab","","5,030,164.707847","0.0066%","$5,028,700.93"
"816","0x6d7c107c599cc98326d2c93243a1f5a7dc026d47","","5,019,319.723358","0.0066%","$5,017,859.10"
"817","0x71fc1179fd50c9384baa7ae8bb4bdf9434ed85a2","","5,014,480.05","0.0066%","$5,013,020.84"
"818","0x65f7dcc8adffd0d070d28eb90f5d1371303372ce","","5,013,020.58","0.0066%","$5,011,561.79"
"819","0x27008ab93812eafb6d726bffe067930d6a682717","","5,008,968.63","0.0066%","$5,007,511.02"
"820","0x9f7d92c28fd04b8ad286ba7f0729eaa7943ec92f","","5,004,075.58601","0.0066%","$5,002,619.40"
"821","0x8c57a194514e7a6446a29b67ce1ae488f4eeb6ca","","5,003,889.029555","0.0066%","$5,002,432.90"
"822","0x2f2808c42faaf25bb5df79db12113798e6e9bc91","","5,003,059.860018","0.0066%","$5,001,603.97"
"823","0xe1565ba2471c231e8553be3ede44f267c6ec6952","","5,002,200","0.0066%","$5,000,744.36"
"824","0x9986f3d32df091625d09be3c2461ba8dbe0da2a5","","5,002,100","0.0066%","$5,000,644.39"
"825","0x2d0733f678d7caef06edc128e008f323d8bc9317","","5,001,800","0.0066%","$5,000,344.48"
"826","0x3633c027bb6b83e7a2851e195e9c5a6f8c2c2aa2","","5,001,800","0.0066%","$5,000,344.48"
"827","0xf87942ca422e28a3d73e0ba6b64ecfe74c821eca","","5,001,500","0.0066%","$5,000,044.56"
"828","0x4a560b6643869f939c3ad289e240c6bb09be35bc","","5,000,976","0.0066%","$4,999,520.72"
"829","0xdf2c498f654f7db01eb3cdf18d4acf9426c281af","","5,000,740.214804","0.0066%","$4,999,285.00"
"830","0xfc8e53beda2144e11b93356abb0491a3ba3934c4","","5,000,441.915425","0.0066%","$4,998,986.79"
"831","0x58b47da7e24314860b6c27e0686c193bb7860a3d","","5,000,320","0.0066%","$4,998,864.91"
"832","0x4bffcdaf60c71adcebc6c8b4db5e5332690198f6","","5,000,300.198131","0.0066%","$4,998,845.11"
"833","0x3762ff3425c6f69cd3f6d00bf925849627eb7b0a","","5,000,100","0.0066%","$4,998,644.97"
"834","0xdfa497d10a58cf03b82afc1ec3d3ac7e638d11a4","","5,000,095","0.0066%","$4,998,639.97"
"835","0xa13803436f52371e2696727e5196721f6d0411e1","","5,000,078.90674","0.0066%","$4,998,623.88"
"836","0x14091f1d0a422ccc678217edff90745d64bd9eb1","","5,000,001","0.0066%","$4,998,546.00"
"837","0x61e22c507c956b3f0cc156c6640342cd9ad8a0c1","","5,000,000.01","0.0066%","$4,998,545.01"
"838","0xbeef863bc81abeace8689751009f069be09ac3f0","","5,000,000","0.0066%","$4,998,545.00"
"839","0xcb93c9912b2ab3a71104f9e9338091c1735b96f2","","5,000,000","0.0066%","$4,998,545.00"
"840","0x19144344d005aff52bc983e18f4db8e3a88a4a53","","5,000,000","0.0066%","$4,998,545.00"
"841","0x4482a28233d33e18e0695f1536a7174ab2038e49","","5,000,000","0.0066%","$4,998,545.00"
"842","0x27f4e6919fa57d4d99440084589a839602de7c2a","","5,000,000","0.0066%","$4,998,545.00"
"843","0xbbda917ca5fe585bd5e09c4c0372cc5b848e4852","","5,000,000","0.0066%","$4,998,545.00"
"844","0x5b5627c9686c5744534c8aa7d9c312da88794b8e","","5,000,000","0.0066%","$4,998,545.00"
"845","0x4c383a513dbae6dca3b0daab3688aa2100a1a0b0","","5,000,000","0.0066%","$4,998,545.00"
"846","0xc30d97f8ccfe2379dd4c4cc18435d7f1ad1c099b","","5,000,000","0.0066%","$4,998,545.00"
"847","0xa562cc4569c720d8a1df5c93d971c2b4a5029bad","","5,000,000","0.0066%","$4,998,545.00"
"848","0xa428ca40f6b94cdfb0ca571c2a6b60fe0d58a4df","","5,000,000","0.0066%","$4,998,545.00"
"849","0x6fc7e235a3ad0e06922bfde2399a80ce5e85b134","","5,000,000","0.0066%","$4,998,545.00"
"850","0x92221e8bc4e1d9a3e5d1cc39a524e90cd4bdf8b1","","5,000,000","0.0066%","$4,998,545.00"
"851","0x3ca79d90417dd1329ae32741b7fb6fdc4659fcf8","","5,000,000","0.0066%","$4,998,545.00
"852","0x6a780abab753df1e298bacc01384f49feb7c4ad6","","5,000,000","0.0066%","$4,998,545.00"
"853","0xe431b266ef7ab287106f1b917791fda9c07f3e87","","5,000,000","0.0066%","$4,998,545.00"
"854","0x05b906aa6d6712800c88c2149ef238f6e7a41360","","4,999,993","0.0066%","$4,998,538.00"
"855","0x3e6452cfde078a1189a3fd57e399695956070baa","","4,999,985","0.0066%","$4,998,530.00"
"856","0xc2e3f0c462a6c445268a3a9e89869e3b27cb1f95","","4,999,950","0.0066%","$4,998,495.01"
"857","0xbe3e9ee9ac669ef54b41fcefbb00690e096b5402","","4,999,820.063","0.0066%","$4,998,365.12"
"858","0xa6856976010aa27022fd2a70e2dcf50df0cf8881","","4,996,942.515002","0.0066%","$4,995,488.40"
"859","0x15dbda751ae8f21e3974804429bd1fed0b4164eb","","4,996,628.050363","0.0066%","$4,995,174.03"
"860","0x321b3709d721f73363455e3ecd61e1d4a1b11f9f","","4,996,005.195045","0.0066%","$4,994,551.36"
"861","0xd83daa277d9dad1f34ade22002806251f04f4a28","","4,992,845.057736","0.0066%","$4,991,392.14"
"862","0x748577ce82346c61e9d6e52628eda8dfab3241b3","","4,991,738.221899","0.0066%","$4,990,285.63"
"863","0x3fba58ca47c33ea5f5cb2ed8536fc9b883492dcc","","4,990,945.482038","0.0066%","$4,989,493.12"
"864","0x5fa70a4d7635618afce319e0f09c67a2ec661c8b","","4,990,316.94478","0.0066%","$4,988,864.76"
"865","0x8005081d473d88bf0be32648e5db49eb53a7cd2e","","4,984,089.674546","0.0066%","$4,982,639.30"
"866","0xa4630047b6689a139b83d15adf9c237c441c0296","","4,980,582.395281","0.0066%","$4,979,133.05"
"867","0x895b5276931af52367f68170192c351ea89cca39","","4,950,395.932876","0.0065%","$4,948,955.37"
"868","0x492d7893f669965a035f02518e9ffa29ee6a361a","","4,949,990.003888","0.0065%","$4,948,549.56"
"869","0x06aafd6b4f2bfff48d89f9e13e962e7f682695d4","","4,941,132.54","0.0065%","$4,939,694.67"
"870","0xff50551f8ba6dd5cb95449d80eb8b2d978de23d4","","4,934,701","0.0065%","$4,933,265.00"
"871","0xc30ef352b4238c42cd30d02653bd9fc326d79b47","","4,932,000.011","0.0065%","$4,930,564.80"
"872","0xc853b7e048f5ecd8a8cc5d8c21ade34a7900ccb6","","4,931,738","0.0065%","$4,930,302.86"
"873","0x5c4f4b573dab7265ff898c3f94176e88fb99a26f","","4,926,054.645733","0.0065%","$4,924,621.16"
"874","0xc7bf187f9824c49c1a54af79ec13c3bb63a52898","","4,909,400.338362","0.0065%","$4,907,971.70"
"875","0xe5e6c3ced4670697b7cb27a53649a3ed321c18ee","","4,899,977.552997","0.0065%","$4,898,551.66"
"876","0xece943a4e8674c4e4b85bd1de6264e730ccd5065","","4,892,000","0.0064%","$4,890,576.43"
"877","0x40daf92d06e79a155ce114d84c3affbdf042e15e","","4,890,646.373012","0.0064%","$4,889,223.19"
"878","0x879bffe330585ff91ed868788761658def42d665","","4,888,247","0.0064%","$4,886,824.52"
"879","0xd98e816d0836134d649db36c60bda1c4eb91b2bd","","4,877,656.844443","0.0064%","$4,876,237.45"
"880","0x3baceb96f054f6f318e0a893ba3dde72a785cc6d","","4,874,513.627414","0.0064%","$4,873,095.14"
"881","0x133ae9d2e72e091950298524d97669ac8344449a","","4,872,645.593819","0.0064%","$4,871,227.65"
"882","0x88ad09518695c6c3712ac10a214be5109a655671","Gnosis Chain: ETH-xDAI Omni Bridge","4,870,843.371574","0.0064%","$4,869,425.96"
"883","0x53ed67bbdc9d8a3d4822bb5320f086074ab563a7","","4,864,092.926639","0.0064%","$4,862,677.48"
"884","0xe10f9f9554d6f010da0ea01c5e6b2d2f01e34430","","4,854,608.379047","0.0064%","$4,853,195.69"
"885","0x5569fd6991d1802dbee9bdd67e763fe7be67c7a9","","4,854,522.42322","0.0064%","$4,853,109.76"
"886","0x2ef9fcbabe1b4a8aaf23de832c96c30dfe048bf7","","4,807,536.139109","0.0063%","$4,806,137.15"
"887","0x468364572fbeb163fb427f8be1ebcfbda3871c90","","4,789,478.828","0.0063%","$4,788,085.09"
"888","0x9642b23ed1e01df1092b92641051881a322f5d4e","MEXC 16","4,786,703.81675","0.0063%","$4,785,310.89"
"889","0x823c8e533657b0004b5ab8553d84502ba2e571f7","MaskEX 10","4,779,980.029549","0.0063%","$4,778,589.06"
"890","0x954f891c329e9e70890b149b0845064821df9f56","","4,779,153.716335","0.0063%","$4,777,762.98"
"891","0x489a8756c18c0b8b24ec2a2b9ff3d4d447f79bec","BNB Bridge Exploiter","4,778,096.031252","0.0063%","$4,776,705.61"
"892","0xa5bc23f4b6ace2a62bc291f4211b2366636c0561","","4,773,866.58","0.0063%","$4,772,477.38"
"893","0x7af67ed4a3f8afab378936829e156534b3a6c1e8","","4,765,576.95417","0.0063%","$4,764,190.17"
"894","0xa438c1a1329ec14bb65d451ff88c1129fb322c5b","","4,754,959.061383","0.0063%","$4,753,575.37"
"895","0x3358fac53cd1e23aca4025c644d3ce2a48e64a22","","4,749,218.807312","0.0063%","$4,747,836.78"
"896","0x727d0f7ae795f59ad23d142e71cdc4947ec49afc","","4,748,859.002631","0.0063%","$4,747,477.08"
"897","0xec046b20d26aedcaad476e21f22feb00ca0ced5d","","4,743,207.349999","0.0063%","$4,741,827.08"
"898","0xdda54b2a2b329dcd6ec99579773b201aa2ba04b5","","4,729,738.33801","0.0062%","$4,728,361.98"
"899","0xf3be8fe09e69a3dd572a81b90860e7844764eddf","","4,726,056.433","0.0062%","$4,724,681.15"
"900","0xd51a44d3fae010294c616388b506acda1bfaae46","Curve.fi: USDT/WBTC/WETH Pool","4,724,087.741228","0.0062%","$4,722,713.03"
"901","0x2e0d935573aa7327209343b7ab1f87dccdc7e63c","","4,707,275.850799","0.0062%","$4,705,906.03
"902","0x8fa4ee1776032b612206e754ec2382b534d4ac6f","","4,692,625.253486","0.0062%","$4,691,259.70"
"903","0x4bbe4f8ef965c588413e3a54a96751c27c9a194d","","4,687,295.040155","0.0062%","$4,685,931.04"
"904","0x6ca298d2983ab03aa1da7679389d955a4efee15c","","4,666,106.4782","0.0061%","$4,664,748.64"
"905","0xb24baaf1388bdbb0f4632a1a8a54df63d5387830","","4,660,937.577146","0.0061%","$4,659,581.24"
"906","0x43dedd96df1e69235f9afae1245f303d18cb9a1a","","4,655,523.133826","0.0061%","$4,654,168.38"
"907","0x6aea7551d4928f3dd6f0401a9b0d21905f4d805e","","4,650,334","0.0061%","$4,648,980.75"
"908","0xe2d3d55e387ed4ab422c6dcc8159124ab157a890","","4,648,069.098307","0.0061%","$4,646,716.51"
"909","0x9b2c5b18f1f2ea0f338c73014fa1805ed5ef255e","","4,645,693.813857","0.0061%","$4,644,341.92"
"910","0x0c429fe7904f0b4fc6838e4b933f52b6fe8e7577","","4,643,354.667573","0.0061%","$4,642,003.45"
"911","0xca41a5f66d9895605608f55d4b071a8e172d481b","","4,634,279.51","0.0061%","$4,632,930.93"
"912","0x9df849e12364bea6a9936f8ba4254eb70814994b","","4,633,908.950061","0.0061%","$4,632,560.48"
"913","0xac928c1d44d5d5a7cafc52a863ba9979254d93c2","","4,633,752.639805","0.0061%","$4,632,404.22"
"914","0xeac9d721263ffc5998c01c068afc7976004ebd3d","","4,633,059.118714","0.0061%","$4,631,710.90"
"915","0x5797f722b1fee36e3d2c3481d938d1372bcd99a7","Galaxy Digital: 0x5799a7","4,630,882.305935","0.0061%","$4,629,534.72"
"916","0x6406924662df3c6c8f834af212075899bea5172f","","4,621,687.085147","0.0061%","$4,620,342.17"
"917","0x2a41b43d6e625ddc0a3a8c2149d6722502aae4a0","","4,620,158.028862","0.0061%","$4,618,813.56"
"918","0x67a5ba126ebcc4d0ac4a118f5a0b0973672e43df","","4,606,347.329291","0.0061%","$4,605,006.88"
"919","0x48cf89b060cb3b6577c893112e55e215a974e2c7","","4,600,513.24","0.0061%","$4,599,174.49"
"920","0xb0d25af9047cfd9b1bed8f1fd58479c9202bc483","","4,598,754.321552","0.0061%","$4,597,416.08"
"921","0x872488d8a96ca46c2e0ea8a98c2f9cac5c7988bf","","4,596,712.824033","0.0061%","$4,595,375.18"
"922","0xa7c23c824fa730065ab9367947cc139687536284","","4,589,291.023872","0.0060%","$4,587,955.54"
"923","0x8e9494b8b9a8fb885e7f5dcefbebf552054ccdd8","","4,585,867.259183","0.0060%","$4,584,532.77"
"924","0x23092e11005883bf5bb6c6ebeef452b9378b67ba","","4,585,250.448969","0.0060%","$4,583,916.14"
"925","0xcd6ad2b7771f3be431e84e75d9ededacd254832b","","4,575,088.957738","0.0060%","$4,573,757.61"
"926","0xd431d6056d8ca5c024c62d121b93382a45456b13","","4,572,273.615709","0.0060%","$4,570,943.08"
"927","0x0ccb8833376b17a546280103adb61fbf6819cbb0","","4,568,204.019233","0.0060%","$4,566,874.67"
"928","0x8b020a755f3c70e2dee151bd4d29f74c3b5df270","","4,567,999.278109","0.0060%","$4,566,669.99"
"929","0x0f6163aee6a6892afcdbe26949981254c6b0a940","","4,565,222.948002","0.0060%","$4,563,894.47"
"930","0x258f5d60c8f668d914bedaa24b25b82b15bbd16c","","4,546,263.123463","0.0060%","$4,544,940.16"
"931","0xd1b704975bf33f6f58c6ece2893e4ccb749b4b88","","4,532,567.876691","0.0060%","$4,531,248.90"
"932","0x0c1626b030b0d6772be30f6e5ae5913aa1522069","","4,522,290.401287","0.0060%","$4,520,974.41"
"933","0xfb51213afe2830d23241f8671940ae23d403bde5","","4,504,221.149952","0.0059%","$4,502,910.42"
"934","0x2ed8e0e351d48b8b9c100ffbcbe150a4b221dae6","","4,500,960.739772","0.0059%","$4,499,650.96"
"935","0x7ce3ec6845780e8f69b1a19edf8148d7cbb77a7d","","4,500,014","0.0059%","$4,498,704.50"
"936","0x1a34f9f7a8252a9381cec640a1c03355bdead42b","","4,500,000.84935","0.0059%","$4,498,691.35"
"937","0x07718cd68ad116d2e1e6fc9c60b83e57763d5d0b","","4,500,000","0.0059%","$4,498,690.50"
"938","0xa3a1f4c4996bfd141ad7b79e6f3d73ba398583ce","","4,500,000","0.0059%","$4,498,690.50"
"939","0xf56bf44a567e761125217d684014e5eabe8f9a45","","4,500,000","0.0059%","$4,498,690.50"
"940","0xc571949d2d1927009fda756734b9f46466675a32","","4,497,468.366387","0.0059%","$4,496,159.60"
"941","0x6df2a6f4071d27b0c8504908cb80758771282326","","4,495,876.66874","0.0059%","$4,494,568.37"
"942","0xa2692f6164d4a21b8be86b333791e7957edcc30e","","4,486,786","0.0059%","$4,485,480.35"
"943","0x9d091db6c00cac188492bc2a9e0164da2cad388a","","4,481,680.57","0.0059%","$4,480,376.40"
"944","0xadc7cf570ddf2ff99c723f946c7f5a5d34cf868c","","4,451,626.170656","0.0059%","$4,450,330.75"
"945","0x86d7b893f17c98e836dacf7f8bf0c877e48b2740","","4,450,097","0.0059%","$4,448,802.02"
"946","0x4ca9d1b7a524d1706526692667c295d0b710ae1d","","4,446,953.38662","0.0059%","$4,445,659.32"
"947","0x4dc9a24829b2531c0bf39a8fa9cab2e522212aaf","","4,432,967.332658","0.0058%","$4,431,677.34"
"948","0x2f071b66bf3d87cd653024af045351c4df7aea15","","4,428,553.737234","0.0058%","$4,427,265.03"
"949","0x260eb5ab6692b86a689c0d7a1c9614290993a14b","","4,425,179.150101","0.0058%","$4,423,891.42"
"950","0x649351ba8021eeca2cc24696b6f12be5c0f5bd50","","4,422,694.632902","0.0058%","$4,421,407.63"
"951","0xc80f2fd6de20c44c4b8d8989c27c1624b32d79ea","","4,420,442.052","0.0058%","$4,419,155.70
"952","0x3daf3e5f9a260f05411a00cc35129629f821861d","","4,418,761.622841","0.0058%","$4,417,475.76"
"953","0xdbed6ce2abc73b733fba771b4d4a8ff73f816264","","4,418,711.5139","0.0058%","$4,417,425.67"
"954","0xce5f8db2115c0f11a26d8b2d6a01ee33fcb5f5d2","","4,415,669.789249","0.0058%","$4,414,384.83"
"955","0xcc242d6d8eed65aa3a243e16bc1a809f85744c70","","4,407,522","0.0058%","$4,406,239.41"
"956","0xacef87409d04571037fdd1c2c2f7c1326d7ffb45","","4,405,742.4","0.0058%","$4,404,460.33"
"957","0x1b8a092662c72ff0994b6ff0ec36c9c92156daf0","","4,400,000","0.0058%","$4,398,719.60"
"958","0xee9fb7a615cb76b46d26be6ebc9114a627a81c5b","Bitstamp 17","4,400,000","0.0058%","$4,398,719.60"
"959","0xcdda8c5746df80413beb6d76ca0aa0cd913efd76","","4,392,255.949895","0.0058%","$4,390,977.80"
"960","0x3777c930e4dca196e070d39b60c644c8aae02f23","","4,390,126.586969","0.0058%","$4,388,849.06"
"961","0xc9da44904ad04019676319598cfbb9dabd69817e","","4,389,749.292341","0.0058%","$4,388,471.88"
"962","0x1b66efc7abeb56252748207d66d839d40b25e8fa","","4,381,367.321576","0.0058%","$4,380,092.34"
"963","0xbbb4149106e5aeb7a3985a00c28e9992c62c0593","","4,380,082.986883","0.0058%","$4,378,808.38"
"964","0xc1c870760a6d35ddf36763caddecf4fb353570ca","","4,371,036.533532","0.0058%","$4,369,764.56"
"965","0x5f985a6e4fee5c3e6c9b876b90edb8775541047b","","4,364,530.703201","0.0058%","$4,363,260.62"
"966","0x2c2876988d1bbcff2dd4618512022d77a1c4a918","","4,353,895.028","0.0057%","$4,352,628.04"
"967","0xf0b1157dcb867ec76c4d179d6ca32cd9863fd95c","","4,353,409.834867","0.0057%","$4,352,142.99"
"968","0xc8aab985d8ded6fe03f1650fe22ebc296846fbff","","4,350,858.49","0.0057%","$4,349,592.39"
"969","0xa9a466e28a593f0dcde9074ef8c319643d4d402c","","4,338,088","0.0057%","$4,336,825.62"
"970","0x959399742a8a667dd1d369e29b719ee708987238","","4,333,391.744955","0.0057%","$4,332,130.73"
"971","0x5ee78b0339894f02f13b040878e4b3ab2f5395d7","","4,331,900.062169","0.0057%","$4,330,639.48"
"972","0x610878fe5a0c496d653bfa320bc8cfbd04699bd6","","4,315,231.7","0.0057%","$4,313,975.97"
"973","0x17fda395c1dc9f9b915e058ade5cd6545ab05e67","","4,312,055.518478","0.0057%","$4,310,800.71"
"974","0x7c7533c8a7b9a6ddf664ffbda29bd0cf1a86e3fc","","4,308,303.182916","0.0057%","$4,307,049.47"
"975","0x4f4495243837681061c4743b74b3eedf548d56a5","Axelar: Gateway","4,306,421.916717","0.0057%","$4,305,168.75"
"976","0x2b3fed49557bd88f78b898684f82fbb355305dbb","","4,293,887.961017","0.0057%","$4,292,638.44"
"977","0xee62186ffdf3b5621c78009b1ed631500b22c5fc","","4,292,421.024384","0.0057%","$4,291,171.93"
"978","0xd4907ca741b3cb25a1967b41e5eee2c2ba953f0f","","4,290,020.036282","0.0057%","$4,288,771.64"
"979","0xc990fea8d46dc2db32cb8021c890a129a7d62761","","4,288,278.940111","0.0057%","$4,287,031.05"
"980","0x9532079560efbc78fad75a77d518d69346ddd20c","","4,280,891.516","0.0056%","$4,279,645.78"
"981","0x79ae327e266e0d896c5575814b31f2e829228b4d","","4,260,042.394","0.0056%","$4,258,802.72"
"982","0x58558854e7ddfedfc3d61d171944e8f0eef72dd6","","4,247,998.062169","0.0056%","$4,246,761.89"
"983","0x8f151392b53af605b743066d4d4a793387584f01","","4,246,349.68698","0.0056%","$4,245,114.00"
"984","0x89cf540a89ae0fbdedd4780cd38b3496b65f1da5","","4,242,287.26","0.0056%","$4,241,052.75"
"985","0xef069e94fc93b749eee4c9a72e82bd301a9db591","","4,238,974.51242","0.0056%","$4,237,740.97"
"986","0xafbb48bbb33d310b2c1cc3ef082d265fc708dd54","","4,236,977.722242","0.0056%","$4,235,744.76"
"987","0x05a646b24dcb6028ca726676c8f5d33961ff5243","","4,229,664.52318","0.0056%","$4,228,433.69"
"988","0xfe4e6544a781126b27edaf4aed49cce433401537","","4,227,110.017131","0.0056%","$4,225,879.93"
"989","0x57172293b9c419b71beb244dd12588ababd6c46f","","4,219,533.173001","0.0056%","$4,218,305.29"
"990","0x91884bec6ac95c016c21711db165a86b3178868e","","4,216,443.515846","0.0056%","$4,215,216.53"
"991","0x7d5270c6dd62faf11f6bdcacef5475f6284f750e","","4,215,379.719451","0.0056%","$4,214,153.04"
"992","0xf2900de3f845ed75dcfe95b6df66a089010e009e","","4,200,076","0.0055%","$4,198,853.78"
"993","0x122021e2d977609ffb9b89e81ebf63771a3433e2","","4,187,535.044705","0.0055%","$4,186,316.47"
"994","0x92acfa430c182033ed9ba1d16f094019053e0f50","","4,176,643.027276","0.0055%","$4,175,427.62"
"995","0x4531d5c86fb47923dd3c9ab815949d3032fd297e","","4,172,194.155693","0.0055%","$4,170,980.05"
"996","0x85040c4d309798b92bd78d3aba860cf4acd9c214","","4,169,591.136108","0.0055%","$4,168,377.79"
"997","0xc94ebb328ac25b95db0e0aa968371885fa516215","Roobet: Hot Wallet","4,156,931.395768","0.0055%","$4,155,721.73"
"998","0x735f863503b5c77b402c9b172ebf9548aa19327b","","4,148,987.38136","0.0055%","$4,147,780.03"
"999","0x119f893d244a49f51e110558e4d3af04cd7550ff","","4,142,294.131788","0.0055%","$4,141,088.72"
"1000","0x4bb2c723e19de1f09244d89684e9f548ed576110","","4,138,579.683593","0.0055%","$4,137,375.36"